title,average_rating,total_reviews,bayesian_score
"Doctor's Best 건강한 뼈, 치아, 심장 및 면역 지원을 위한 비타민 D3 5,000 IU, GMO 프리, 글루텐 프리, 콩 프리, 360개 (1팩)",4.8,25312.0,4.799890424211689
"NOW 보충제, 비타민 C-1,000, 바이오플라보노이드 100mg, 항산화 보호*, 식물성 캡슐 250개",4.8,10255.0,4.799729695264336
"NOW 보충제, 비타민 C-1,000, 바이오플라보노이드 100mg, 항산화 보호*, 식물성 캡슐 500개",4.8,10054.0,4.799724296690026
"THORNE 비타민 D-5000 - 비타민 D3 보충제 - 건강한 뼈, 치아, 근육, 심혈관 및 면역 기능 지원* - NSF 스포츠 인증 - 유제품 프리, 콩 프리 - 60캡슐",4.8,8221.0,4.799662899026656
"Pure Encapsulations 비타민 D3 125mcg (5,000 IU) - 뼈, 관절, 가슴, 심장, 결장 및 면역 건강을 지원하는 보충제 - 비타민 D 함유 - 120 캡슐",4.8,7203.0,4.79961532259648
"THORNE 비타민 D3 보충제 - 건강한 뼈, 치아 근육, 심혈관 및 면역 기능 지원* - 글루텐, 유제품 및 콩 프리 - 1,000 IU - 90 캡슐",4.8,5525.0,4.799498703141539
"NOW Foods 아연 피콜리네이트 50mg, 120캡슐 (2팩)",4.8,5199.0,4.799467329984337
"THORNE 비타민 C - 오렌지의 비타민 C와 시트러스 바이오플라보노이드 혼합 - 면역 체계, 세포 에너지 생성, 콜라겐 생산 및 건강한 조직 지원* - 글루텐 프리 - 90캡슐",4.8,2400.0,4.798848681281498
"아연 피콜리네이트 50mg, 300캡슐 (면역 지원) GMO 프리, 글루텐 프리 (300일 분량) Double Wood Supplements",4.8,1570.0,4.798243874612918
"Dr. Mercola 비타민 D3 및 K2 식이 보충제, 90회 분량 (90캡슐), 심장 건강 지원, 면역 지원, GMO 프리, 콩 프리, 글루텐 프리",4.8,1565.0,4.79823829961169
"Nature Made 글루콘산 칼륨 550mg, 100정 (5팩)",4.8,664.0,4.7958832668967535
쏜리서치 - 아연 비글리시네이트 30mg - 60캡슐,4.8,621.0,4.795602728824742
Metabolic Maintenance L-메틸엽산 5mg - 글루텐 프리 및 유제품 프리 엽산 보충제 - 인지 건강을 위한 뇌 보충제 - 매일 사용할 수 있는 메틸화 엽산(90캡슐),4.8,391.0,4.793080603212998
Vimergy 5-MTHF 캡슐 - 60회 분량 (1캡슐/1회분) 8500mcg L-메틸엽산 글루코사민 및 500mcg 비타민 B12 보충제 - 생체 이용 가능한 엽산 보충제 여성 및 남성용 비건 5mthf (60개),4.8,369.0,4.792678949573646
"NOW 보충제, 루테인 20mg 및 루테인 에스터의 무료 루테인 20mg, 채식 캡슐 90개",4.8,355.0,4.792398142160033
"Standard Process Inc. Biost - 치아 및 뼈 건강 보충제, 자연 식품 마그네슘 구연산염, 젖산 칼슘, 망간 포함 - 180정",4.8,183.0,4.785623429473637
"완충 전해질 소금 캡슐, 300캡슐 밸류 사이즈, 나트륨 및 칼륨 식이 보충제",4.8,178.0,4.7852410738745315
"Freeda 비타민 B2 리보플라빈 50mg - 에너지 및 신경계 지원 - 코셔, 비건, 뇌 및 신진 대사를 위한 글루텐 프리 B2 보충제 - (100개)",4.8,34.0,4.736939133827546
"HMB 및 L-류신 젤리 2팩, 근육 성장, 근육량, 근육 완화 및 빠른 운동 회복을 위한 3000mg HMB 및 루신 아미노산, 남성 및 여성용, 무설탕, 라즈베리 맛, 120개입",4.8,33.0,4.7354726020560935
"Nature Made 철 65mg (황산철 325mg) 정제, 적혈구 지원을 위한 식이 보충제, 180정, 180일 분량",4.7,47528.0,4.6999626682209685
"Nature's Bounty 철 65mg, 325mg 황산철, 세포 에너지 지원, 정상 적혈구 생성 촉진, 100정",4.7,31310.0,4.699943337225045
"ForestLeaf 비타민 D3 50,000 IU 주간 보충제 - 뼈, 치아 및 면역 지원을 위한 120 식물성 비타민 D-3 캡슐",4.7,21010.0,4.699915571926185
"NOW 보충제, 구연산 칼륨 99mg, 전해질 균형 및 일반 pH 지원, 필수 미네랄, 180 식물성 캡슐",4.7,20189.0,4.6999121402984505
"NOW 보충제, 구연산 마그네슘, 효소 기능*, 신경계 지원*, 식물성 캡슐 120개",4.7,18984.0,4.699906566383512
"천연 리포솜 비타민 C - 200 캡슐, 면역 시스템 및 콜라겐 부스터, 높은 흡수 지방 가용성 VIT C, 버퍼드, 노화 방지 피부 비타민, 항염증제, 해바라기 레시틴",4.7,17672.0,4.699899633632418
"NOW Supplements 마그네슘 400mg, 효소 기능, 신경계 지원, 180 캡슐",4.7,13428.0,4.699867935845246
"Garden of Life 카인드 오가닉 여성용 원스 데일리 멀티 태블릿 , 658010117760, 1, 1",4.7,12065.0,4.699853028727818
NOW Foods - 아연 50 mg.,4.7,10839.0,4.699836420120603
"Nature's Bounty 비타민 B12, 빠른 용해 비타민 보충제, 에너지 신진 대사 및 신경계 건강 지원, 5000mcg, 40정 (2팩)",4.7,10569.0,4.699832245192213
THORNE 아연 피콜리네이트 30mg - 성장 및 면역 기능을 위한 잘 흡수된 아연 보충제* - 180 캡슐,4.7,9932.0,4.699821496870691
"Citracal Maximum Plus, 650mg 구연산칼슘, 쉽게 흡수되고 25mcg (1000 IU) 비타민 D3로 고용성, 뼈 건강 지원, 12세 이상 칼슘 보충제, 180개",4.7,9340.0,4.699810194854376
"NOW 보충제, 비타민 B-1 100mg, 에너지 생산*, 신경계 건강*, 100정",4.7,8466.0,4.699790623158143
"Feosol 오리지널 철분 보충제 정제, 비헴, 철분 알약 당 325mg 황산철(원소 철분 65mg), 하루 1개, 120개, 4개월 분량, 에너지 및 면역 체계 지원, 미국 제조",4.7,8168.0,4.699782993627832
"NOW 보충제, 아연 피콜리네이트 50mg, 효소 기능 지원*, 면역 지원*, 120 식물성 캡슐",4.7,7494.0,4.69976350238385
"Life Extension 아연 캡, 아연 50mg, 구연산 아연, 신체의 면역 방어 지원, 흡수성, 채식주의자, GMO 프리, 글루텐 프리, 채식주의자 캡슐 90개, 90개(1팩)",4.7,7280.0,4.699756559929823
"Nature Made Maximum Strength 비오틴 5000mcg, 식이 보충제는 건강한 모발, 피부 및 손톱을 지원하는 데 도움이 될 수 있습니다. 소프트젤 120정",4.7,7233.0,4.699754980241393
"Citracal Petites, 400mg 구연산칼슘, 쉽게 흡수되고 잘 용해됨, 12.5mcg (500 IU) 비타민 D3, 12세 이상 뼈 건강 지원, 작고 쉽게 삼키기 쉬운 캡슐, 375개",4.7,6950.0,4.699745017512703
"NOW 보충제, L-라이신(L-라이신 모노하이드로클로라이드) 500mg, 아미노산, 식물성 캡슐 100개",4.7,6850.0,4.699741300566823
"NOW 보충제, 비오틴 10mg(10,000mcg), 추가 활력, 에너지 생산*, 120개 식물성 캡슐",4.7,6803.0,4.699739515909058
Bariatric Advantage 구연산 칼슘 츄이 바이트 500mg - 비만 수술 환자용 - 비타민 D3 - 무설탕 츄어블 칼슘 보충제 - 비만 츄잉 - 다양한 과일 - 90개,4.7,6385.0,4.699722489740174
Puritan's Pride 비타민 B-12 1000Mcg 시간 방출 캡슐 | 에너지 신진 대사 지원을 위한 식이 보충제 | 시간 방출 | 세포 에너지 지원 - 250개,4.7,6354.0,4.699721137946011
"Doctor's Best 천연 비타민 K2 Mk-7, MenaQ7 함유, 60정",4.7,6091.0,4.699709116847798
"NOW Foods 보충제, 메틸 엽산 1,000mcg, 대사 활성 엽산*, 코엔자임 B 비타민, 90정",4.7,5627.0,4.699685173299345
"NOW Foods 보충제, 메틸 엽산 1,000mcg, 대사 활성 엽산*, 코엔자임 B 비타민, 90정",4.7,5627.0,4.699685173299345
"Jarrow Formulas Extra Strength 메틸 엽산 400mcg, 심혈관 및 신경 건강 지원을 위한 식이 보충제, 식물성 캡슐 60개, 60일 분량",4.7,5239.0,4.699661901674302
NATURELO 유기농 아세로라 체리 추출물 및 시트러스 바이오플라보노이드가 함유된 비타민 C - 비건 보충제 - 면역 지원 - 캡당 500mg VIT C - GMO 프리 - 90캡슐,4.7,5118.0,4.699653923925198
"THORNE 마그네슘 시트라메이트 - 구연산염이 함유된 마그네슘 보충제 - 심장, 골격근, 심장, 폐 기능 및 뼈 밀도 지원* - 글루텐 프리, 유제품 프리, 콩 프리 - 90캡슐",4.7,4880.0,4.69963708014078
"THORNE 마그네슘 시트라메이트 - 구연산염이 함유된 마그네슘 보충제 - 심장, 골격근, 심장, 폐 기능 및 뼈 밀도 지원* - 글루텐 프리, 유제품 프리, 콩 프리 - 90캡슐",4.7,4880.0,4.69963708014078
"THORNE 아연 피콜리네이트 15mg - 흡수력이 뛰어난 아연 보충제 - 웰빙, 면역 체계, 눈, 피부 및 생식 건강 지원* - 글루텐 프리, 콩 프리, 유제품 프리 - 60캡슐",4.7,4869.0,4.6996362619160506
"Now 보충제, L-테아닌 200mg, 이노시톨 함유, 스트레스 관리, 식물성 캡슐 120정, 무향",4.7,4681.0,4.699621684478451
"나우 건강보조식품, L 라이신(L 라이신 하이드로클로라이드) 500mg, 아미노산, 250정",4.7,4601.0,4.699615120773891
"Liposomal 비타민 C 캡슐 (200 알약 1500 mg 버퍼드) 고흡수 VIT C, 면역 시스템 및 콜라겐 부스터, 고용량 지용성 면역 지원 아스코르빈산 보충제, 천연 비건",4.7,4519.0,4.699608152326874
MaryRuth Organics 유기농 비타민 C 보충제 | 성인 및 아동용 액체 비타민 C 액체 드롭 | 전반적인 건강을 위한 면역 지원 보충제 | 비건 | GMO 프리 | 글루텐 프리 | 118ml(4액량 온스),4.7,4453.0,4.6996023575819885
"NOW 보충제, 비타민 B-2 (리보플라빈) 100mg, 에너지 생산*, 식물성 캡슐 100개",4.7,3952.0,4.699552075186373
Thorne 셀레늄 - 항산화 지원을 위한 200mcg 셀레늄 보충제 - 60캡슐,4.7,3531.0,4.699498820075802
"Life Extension 최적화된 엽산(L-메틸폴레이트) 1700mcg/1000mcg, 채식주의자 정제 100개",4.7,3486.0,4.699492368961216
"NATURELO 비건 B12 - 유기농 스피루리나 함유 메틸 B12 - 고효능 비타민 B12 1000mcg 메틸코발라민 - 건강한 기분, 에너지, 심장 및 눈 건강 지원 - 90캡슐",4.7,3430.0,4.69948410520012
"Doctor's Best 완전 활성 엽산, 4중 GMO 프리 비건 글루텐 프리 400mcg 식물성 캡, 90개",4.7,3422.0,4.699482902648139
"THORNE Ferrasorb - 필수 영양소가 함유된 철분 36mg - 완벽한 혈액 지원 포뮬러* - 최적의 흡수를 위한 원소 철분, 엽산, B 및 C 비타민 - 글루텐 프리 - 60캡슐",4.7,3339.0,4.699470087156887
"Solgar 비오틴 10,000mcg, 식물성 캡슐 120개 - 에너지, 신진 대사, 건강한 피부, 손톱 및 모발 촉진 - 매우 높은 효능 - GMO 프리, 비건, 글루텐 프리, 유제품 프리, 코셔 - 120 S. 1회 제공량",4.7,3252.0,4.699455953981732
"NOW 보충제, 호박 씨앗 오일 250mg이 함유된 아연 글리시네이트, 전립선 건강 지원*, 소프트젤 120개 (포장은 다를 수 있음)",4.7,3215.0,4.699449712213461
"Country Life 킬레이트 마그네슘 250mg, 90정",4.7,3160.0,4.699440164633568
"NOW 보충제, 철분 36mg, 이중 강도, 변비 없음*, 필수 미네랄, 90 식물성 캡슐",4.7,3071.0,4.6994239928232435
"Now Foods 셀레늄 200mcg VCaps, 180개 (2팩)",4.7,2931.0,4.699396573236455
"Life Extension 바이오액티브 엽산 및 비타민 B12 - 심장, 뇌 및 GI 견인 건강 증진 - 글루텐 프리, GMO 프리, 채식주의자 - 채식주의자 캡슐 90개",4.7,2911.0,4.699392441591377
"프리미엄 리포솜 비타민 C 2000mg - 180 캡슐 - 매우 강력한 흡수력의 아스코르빈산, 면역 시스템 및 콜라겐 부스터 지원 - 강력한 항산화 고용량 지용성 비타민 C",4.7,2797.0,4.6993677669712905
"Pure Encapsulations 비타민 D3 25mcg (1,000 IU) - 뼈, 관절, 가슴, 심장, 결장 및 면역 건강을 지원하는 보충제 - 프리미엄 비타민 D 함유 - 120 캡슐",4.7,2689.0,4.699342468280257
"Bluebonnet Nutrition Albion 킬레이트 구리, 구리 3mg, 신경계 및 면역 건강*, 콩 프리, 글루텐 프리, GMO 프리, 코셔 인증, 유제품 프리, 비건, 식물성 캡슐 90개, 90회 분량",4.7,2535.0,4.6993026805062525
"THORNE 비타민 B12 - 메틸코발라민 - 심장 및 신경 건강, 혈액 세포 기능, 건강한 수면 및 메틸화 지원* - 글루텐, 유제품 및 콩 프리 - 60캡슐",4.7,2389.0,4.699260242554569
"Life Extension 비타민 C 및 바이오 케르세틴 피토솜 - 면역 지원을 위한 비타민 C 플러스 흡수성이 뛰어난 케르세틴 - 글루텐 프리, GMO 프리, 채식주의자 - 채식주의자 태블릿 250정",4.7,2382.0,4.699258077712547
"Now Foods 탄산 칼슘 PWD 355ml(12온스), 355ml(12온스)",4.7,2335.0,4.699243207628321
Metagenics Mag Glycinate - 흡수성이 뛰어난 마그네슘 - 신경계 지원을 위한 마그네슘 글리시네이트* - 글루텐 프리 - GMO 프리 - 채식주의자 - 120정,4.7,2320.0,4.699238335574425
"Solgar 비오틴 5000mcg, 식물성 캡 100개 - 건강한 피부, 손톱 및 모발 촉진 - 에너지 생산, 단백질, 탄수화물 및 지방 대사 지원 - 비타민 B - GMO 프리, 비건, 글루텐 프리 - 100회 분량",4.7,2316.0,4.699237025747383
"Viva Naturals 비타민 C 및 아연 보충제 (250캡슐) - 비타민 C 1000mg 아연 함유 20mg 항산화 보충제, 면역 지원을 위한 성인용 비타민 보충제",4.7,2261.0,4.699218547727174
"Metagenics PhytoMulti 철분이 없는 멀티비타민 - 전반적인 건강 및 노화를 위한 데일리 멀티비타민 - 20개 이상의 필수 비타민 및 미네랄 - 비타민 B6, 루테인, 제아잔틴 등 포함 - 120정",4.7,2197.0,4.699195886673499
"THORNE NAC - N-아세틸시스테인 - 500mg - 호흡기 건강 및 면역 기능 지원, 간 및 신장 해독 촉진 - 90캡슐",4.7,1919.0,4.699080000978959
"Life Extension 비타민 B6 250 mg, 100 베지 캡슐",4.7,1908.0,4.699074724655064
"NOW Foods 비타민 K-2, 식물성 캡슐 250개",4.7,1683.0,4.698951755397762
"NOW 보충제, 아스코르빈산 나트륨 파우더, 완충, 항산화 보호*, 226.8g(8온스)",4.7,1546.0,4.698859461367874
"THORNE 라이신 - 피부 건강, 에너지 생산 및 면역 기능을 위한 필수 아미노산* - 500mg - 60캡슐",4.7,1534.0,4.698850597077986
Amazing Formulas 셀레늄 200mcg 240정 보충제 | GMO 프리 | 글루텐 프리 | 미국 제조,4.7,1464.0,4.698796012135965
Nature Made 적혈구 형성을 위한 철 65mg (황산제 1철) 정제 (365 ct.).,4.7,1462.0,4.698794376282889
Nature's Bounty L-라이신 1000mg 태블릿 60개 (2팩),4.7,1428.0,4.698765870576087
"Solgar 비타민 K2 (MK-7) 100mcg, 식물성 캡슐 50개 - 뼈 건강 지원 - 낫토 추출물의 천연 전체 식품 공급원 - GMO 프리, 글루텐 프리 - 50회 분량",4.7,1348.0,4.698693167811792
"Standard Process Inc. Trace Minerals-B12 - 자연 식품 비장, 뼈 건강, 면역 지원, 신진 대사 및 갑상선 지원, 망간, 다시마, 요오드, 구리, 비타민 B12, 아연, 철분 함유 - 90정",4.7,1316.0,4.698661630383418
THORNE 비타민 K (이전 3-K 컴플리트 제품) - 비타민 K1 및 K2 (MK-4 및 MK-7) - 강한 뼈 지원* - 60 캡슐,4.7,1306.0,4.698651460401529
"THORNE 구연산 칼륨 - 신장, 심장 및 골격 지원을 위한 흡수력이 뛰어난 칼륨 보충제* - 90캡슐",4.7,1272.0,4.698615695700789
"Jarrow Formulas® 메틸 엽산 1000mcg, 식이 보충제, 세포 에너지 지원을 위한 메틸 엽산, 식물성 캡슐 100개, 100일 분량",4.7,1204.0,4.698538156415496
"Country Life 고효능 비오틴 10mg - 피부 및 손톱용 비건 및 글루텐 프리 비오틴 보충제, 에너지 신진 대사 - 비오틴 10000mcg 캡슐",4.7,1079.0,4.6983703598608
THORNE Copper Bisglycinate - 잘 흡수된 미량 미네랄 보충제 - 60 캡슐,4.7,1048.0,4.698322610480541
"EZ Melts 용해성 엽산 1,667mcg, L-메틸엽산, 무설탕, 2개월 분량",4.7,993.0,4.698230629998417
"THORNE 5-MTHF - 메틸폴레이트(활성 B9 엽산) 보충제 - 심혈관 건강, 태아 발달, 신경 건강, 메틸화 및 호모시스테인 수치 지원* - 60캡슐 - 5-MTHF 5mg",4.7,987.0,4.698219981833914
"Kirkland Signature, 비타민 E 400 IU brdqt 500 소프트젤 (2팩)",4.7,984.0,4.698214609545686
"Thorne Research Biotin-8, 60 채식주의자 캡슐, B118, 1",4.7,956.0,4.698162859097736
"NOW 보충제, 비오틴 5,000mcg, 아미노산 대사*, 에너지 생산*, 식물성 캡슐 120개",4.7,912.0,4.698075186429948
"Biotics Research Bio K Mulsion 액체 비타민 K 드롭 - 500mcg/S - 성인용 비타민 K1 피토나디온 - 비타민 K 보충제 - 강한 뼈, 심장 건강, 혈액 응고 지원, 29.6ml (1온스)",4.7,827.0,4.697879715517816
"Superior Source 비타민 K2 MK-7(메나퀴논-7), 100mcg, 빠른 용해 미세 리그뉴얼 태블릿, 60개, 건강한 뼈와 동맥, 면역 및 심혈관 지원, GMO 프리",4.7,764.0,4.697707134222755
"Bluebonnet Nutrition Biotin 5000 Mcg 식물성 캡슐, 비오틴은 케라틴, 비건, 채식주의자, GMO 프리, 글루텐 프리, 콩 프리, 우유 프리, 코셔, 식물성 캡슐 120개를 만드는 데 도움이 되는 비타민 B입니다",4.7,710.0,4.697535169289462
"Nature's Bounty® 비오틴 5000mcg 2개 세트, 소프트젤 150개",4.7,621.0,4.697187514878625
"NOW 보충제, 아연, 구리, 망간 및 비타민 D가 함유된 Cal-Mag, 120캡슐",4.7,501.0,4.696527048705307
"THORNE 아연 비글리시네이트 15mg - 피부, 눈 및 면역 체계 건강을 위한 일일 지원* 아연 보충제 캡슐 포함 - 60캡슐",4.7,478.0,4.696363364525435
"Bluebonnet Nutrition Multi One (철 없음) 식물성 캡슐, 완벽한 풀 스펙트럼 멀티, 비타민 B, 일반 건강, 글루텐 프리, 우유 프리, 코셔, 120개",4.7,439.0,4.696047487502032
"NOW Foods, 구연산 칼륨 99mg, 전해질 균형 및 정상 pH 지원*, 필수 미네랄, 360 식물성 캡슐",4.7,431.0,4.695975786595039
"Superior Source Methylfolate 5-MTHF 1000mcg, 빠른 용해 미세 리그뉴얼 태블릿, 60개, 생물학적 활성 형태의 엽산, 심혈관 건강, 에너지 신진 대사 및 태아 발달, GMO 프리",4.7,415.0,4.695824286796264
"NOW Foods 보충제, 메틸 엽산 5000mcg, 우수한 생체 이용률, 식물성 캡슐 50개",4.7,411.0,4.695784612561549
"Now L-라이신 1000mg 이중 강도, 250정",4.7,407.0,4.695744177190437
Nature's Bounty Mega Chromium Picolinate 800mcg 태블릿 50개 (2팩),4.7,376.0,4.6954023883119484
"Solgar No-Flush 나이아신 500mg, 식물성 캡슐 250개 - 심혈관 지원 - 에너지 신진 대사 지원 - 무홍조 전달 - 비건, 글루텐 프리, 유제품 프리, 코셔 - 250회 분량",4.7,366.0,4.695280111405351
"Bluebonnet 비타민 B1 100mg - 여성 및 남성용 기분 지원 및 에너지 비타민* - 티아민 HCl - GMO 프리, 비건, 코셔, 글루텐 프리 - 콩 및 유제품 프리 - 식물성 캡슐 100개, 100일 분량",4.7,296.0,4.694200398328143
"Metagenics FolaPro - 1,330mcg DFE 메틸화 엽산 보충제 - L-5-메틸테트라하이드로폴레이트 - 호르몬 지원* - GMO 프리 및 글루텐 프리 - 120정",4.7,262.0,4.693475448119162
Vitron - C 고효능 철분 보충제 태블릿 - 60 Ta,4.7,253.0,4.693252174480654
"칼륨 마그네슘 젤리 2팩, 무설탕 칼륨 젤리, 마그네슘 글리시네이트 500mg 츄어블 마그네슘 칼륨 보충제, 다리 경련 및 근육용 칼슘, 아연, 비타민 포함",4.7,247.0,4.693094637698101
"SOLGAR No-Flush 나이아신 500mg - 식물성 캡슐 100개 - 에너지 신진 대사 및 신경계 지원 - 비건, 글루텐 및 유제품 프리, 코셔 - 100회 분량",4.7,172.0,4.6902490213649015
"Carlson - 루테인, 6 mg, 건강한 시력 및 눈 기능, 항산화제, 눈 루테인 보충제, 루테인 및 제아잔틴이 함유된 눈 비타민, 180 소프트젤",4.7,167.0,4.689973569991029
"Superior Labs 순수 L-트립토판 - 500mg, 식물성 캡슐 120개 - 편안한 수면 및 휴식을 위한 GMO 프리 식이 보충제 - 웰빙과 건강한 순환 순환 지원",4.7,159.0,4.689498946085279
"성인용 비타민 D3 K2 젤리 - 비타민 D3 5000IU + K2 (MK-7) 120mcg - 무설탕 D3 및 K2 보충제, 오메가-3, 메틸 B12, B9, B6, 비타민 E 및 아연 함유 - 칼슘 흡수 및 면역 건강용",4.7,157.0,4.689373184960551
Bariatric Advantage 비타민 B1 티아민 - 티아민 모노니트레이트 100mg - 쉬운 소화 - 비만 환자를 위한 디자인 - 에너지 생산 지원* - 비만 보충제 - 90개,4.7,107.0,4.684831811012068
"Now Foods 셀레늄 200mcg 캡슐, 300개 (2팩) - L 셀레노메티오닌 미네랄 보충제 여성 및 남성용 - 채소 캡, GMO 프리, 비건 친화적, 효모 프리",4.7,89.0,4.682073958468808
"OsteoVit 5-in-1 칼슘 120 탭 멀티비타민: 칼슘, 마그네슘, 인, 비타민 D3 및 A - 뼈 강도 및 유연성*, GMO 프리 글루텐 프리 | 비타민 D가 함유된 여성 및 남성용 칼슘 보충제",4.7,75.0,4.679121433981318
"Premier Research Labs Premier NAC - NAC 보충제 N-아세틸 시스테인, N-아세틸-L- 시스테인, 간 및 면역 지원, 캡슐 당 300mg NAC - 채식주의자 캡슐 60개",4.7,63.0,4.675689340937151
"Now NAC 600mg, 식물성 캡슐 400개, 셀레늄이 함유된 N-아세틸 시스테인",4.7,52.0,4.671376159490517
"Carlson - 나이아신 - 시간, 시간 방출 나이아신 500mg, 에너지 생산, 심장 건강 및 신경 기능, 250정",4.7,46.0,4.668309319435929
"Buried Treasure 엽산 드롭 - 메틸화 B-9 (칼슘 L-5 메틸테트라하이드로폴레이트), 에너지 생산, 심장 건강 및 임신 지원, 5-MTHF 보충제 비건 안전, 120회 분량",4.7,35.0,4.660562708631378
L 메틸엽산 15mg 플러스 메틸 B12 보충제 활성 5-MTHF 형태 미국산 메틸폴레이트 고흡수 L 메틸 엽산 타사 테스트 (비건 캡슐 120개),4.8,8.0,4.64585121602289
Pure D-페닐 릴리프 500mg - 50캡슐 Montiff,5.0,3.0,4.632717068339386
"Nature's Bounty 비오틴 모발 피부 및 손톱 비타민, 건강한 모발, 피부 및 손톱 지원, 10,000mcg, 120개 (3팩)",4.6,112707.0,4.599993127229152
"Natural Vitality 내추럴 캄 마그네슘 스트레스 방지, 오가닉, 오렌지, 0875534001959, 1, 1",4.6,48121.0,4.599983904799161
"Vitafusion 남성용 성인용 젤리 비타민, 베리 맛 데일리 멀티비타민, 비타민 A, C, D, E, B6 및 B12, 미국 최고의 젤리 비타민 브랜드, 60일 분량, 120개",4.6,46926.0,4.5999834950121095
"비타민 D3 10000 iu Plus K2 (MK-7) 200mcg, 버진 코코넛 오일 소프트젤 300개 | 투인원 비타민 D 및 K 복합체 | 칼슘 흡수, 뼈, 면역 및 심장 건강 지원 - 삼키기 쉬움",4.6,37224.0,4.599979194335511
"비타민 D3 10000 iu Plus K2 (MK-7) 200mcg, 버진 코코넛 오일 소프트젤 300개 | 투인원 비타민 D 및 K 복합체 | 칼슘 흡수, 뼈, 면역 및 심장 건강 지원 - 삼키기 쉬움",4.6,37224.0,4.599979194335511
"Pure Encapsulations 마그네슘(글리시네이트) | 스트레스 완화, 수면, 심장 건강, 신경, 근육 및 신진 대사를 지원하는 보충제* | 180캡슐",4.6,35921.0,4.599978439839926
"Pure Encapsulations 마그네슘(글리시네이트) | 스트레스 완화, 수면, 심장 건강, 신경, 근육 및 신진 대사를 지원하는 보충제* | 180캡슐",4.6,35921.0,4.599978439839926
"NOW 식품 보충제, L-라이신(L라이신 하이드로클로라이드) 1,000mg, 이중 강도, 아미노산, 100정",4.6,32689.0,4.599976308813371
"NOW 식품 보충제, L-라이신(L라이신 하이드로클로라이드) 1,000mg, 이중 강도, 아미노산, 100정",4.6,32689.0,4.599976308813371
"NOW 보충제, 슈퍼 효소, 브로멜린, 황소 담즙, 판크레아틴 및 파파인 함유, 180 캡슐",4.6,20844.0,4.599962852301161
"마그네슘 글리시네이트 400mg, 180캡슐 (비건 안전, 타사 테스트, 글루텐 프리, GMO 프리) 고흡수 마그네슘 Double Wood Supplements",4.6,19872.0,4.599961036208048
"Life Extension 마그네슘 캡 500mg - 심혈관 및 전신 건강을 위한 필수 미네랄 블렌드 - 글루텐 프리, GMO 프리, 채식주의자 - 채식주의자 캡슐 100개",4.6,15687.0,4.599950648014806
"NOW Foods 보충제, NAC (N-아세틸-시스테인) 1,000mg, 활성 산소 보호*, 60정",4.6,13662.0,4.599943338347602
"21st Century 슬로우 릴리즈 아이언 태블릿, 2개 60개 팩 - 포장은 다를 수 있음",4.6,13333.0,4.599941941234236
"Puritan's Pride 비오틴 10,000mcg 소프트젤 50정",4.6,10625.0,4.59992715767639
"NATURELO 메틸 B12, 메틸 엽산, 비타민 B6, 비오틴 플러스 콜린, CoQ10 및 과일 및 채소 혼합물이 함유된 비타민 B 복합체 - 에너지 및 건강한 스트레스 반응 지원 - 비건 - 120캡슐",4.6,9302.0,4.599916808622037
"Dr. Mercola 리포솜 비타민 C 식이 보충제, 1회 제공량당 1,000mg, 90회 (180 캡슐), 면역 지원, GMO 프리, 콩 프리, 글루텐 프리",4.6,7549.0,4.599897515794207
THORNE Iron Bisglycinate - 위장 부작용 없이 향상된 흡수를 위한 25mg 철분 보충제 - NSF 스포츠 인증 - 글루텐 프리 - 60캡슐,4.6,6529.0,4.599881529574615
THORNE Iron Bisglycinate - 위장 부작용 없이 향상된 흡수를 위한 25mg 철분 보충제 - NSF 스포츠 인증 - 글루텐 프리 - 60캡슐,4.6,6529.0,4.599881529574615
"Life Extension 비타민 E가 함유된 슈퍼 셀레늄 복합체 - 세포 건강 및 장수 지원 - 글루텐 프리, GMO 프리, 채식주의자 - 100캡슐",4.6,6509.0,4.599881166112657
"Superior Source No Shot 비타민 B12 메틸코발라민 5000mcg, 빠른 용해 미세 언어 정제, 60개, 활성 형태의 B12, 에너지 생산 지원, 신경계 지원, GMO 프리",4.6,6460.0,4.599880266134221
"NOW Foods 셀레늄 200mcg VCaps, 180개입",4.6,6001.0,4.599871123255434
"NOW 보충제, Magtein™, 특허받은 형태의 마그네슘(Mg), 인지 지원*, 식물성 캡슐 90개",4.6,5930.0,4.599869582809497
"NOW 보충제, 칼슘 및 마그네슘 2:1 비율, 고효능, 뼈 건강 지원*, 250정",4.6,5912.0,4.599869186404662
"Life Extension 연장 방출 마그네슘이 함유된 칼륨 - 두 가지 필수 미네랄이 포함된 혈압 지원을 위한 심장 건강 보충제 - GMO 프리, 채식주의자, 글루텐 프리 - 60캡슐",4.6,5903.0,4.599868987297211
"Doctor's Best 완전 활성 B12 1500 Mcg, 에너지, 기분, 순환 지원, GMO 프리, 비건, 글루텐 프리, 180개입",4.6,5695.0,4.599864210672815
"Life Extension Super K, 비타민 K1, 비타민 K2 mk-7, 비타민 K2 mk-4, 비타민 C, 뼈/심장/동맥 건강, 3개월 분량, 글루텐 프리, 일일 1개, GMO 프리, 소프트젤 90개",4.6,5688.0,4.599864043855459
"NOW Foods 보충제, 마그네슘 글리시네이트 100mg, 흡수성이 뛰어난 형태, 180정",4.6,5677.0,4.599863780884194
"Life Enhancement 칼륨 보충제, 1020mg, 120회 분량, 240캡슐",4.6,5673.0,4.59986368500588
"Life Enhancement 칼륨 보충제, 1020mg, 120회 분량, 240캡슐",4.6,5673.0,4.59986368500588
"Macuhealth 트리플 카로티노이드 포뮬러 - 성인용 눈 비타민 - 소프트젤 90개, 3개월 분량",4.6,5504.0,4.599859507052668
"Garden of Life 여성용 종합 비타민 - 마이카인드 오가닉스, 여성용 원스 데일리 멀티 - 30개 정, 철분, 비오틴, 비건 유기농 비타민 여성 건강, 에너지 헤어 스킨 및 손톱용",4.6,5316.0,4.5998545478573805
"NOW 보충제, 철분 18mg, 변비 없음*, 필수 미네랄, 식물성 캡슐 120개",4.6,5256.0,4.599852890597875
"21st Century 나이아신아미드 500mg 서방정, 110정입",4.6,4734.0,4.59983670360211
"Micro Ingredients Riboflavin 비타민 B2, 1회 제공량당 400mg, 미니 태블릿 240개 | 필수 비타민 B 보충제 | 에너지 생산을 위한 비타민 B | 삼키기 쉬움, GMO 프리",4.6,4243.0,4.599817851372775
"NOW Foods 보충제, L-라이신(L-라이신 염산염) 1,000mg, 이중 강도, 아미노산, 250정",4.6,3922.0,4.599802981151681
Puritan's Lutigold 루테인 40mg 제아잔틴 1600mcg 소프트젤 60정 무료 미국 배송,4.6,3498.0,4.599779168155191
"NOW 보충제, 크롬 피콜리네이트 200mcg, 인슐린 공동 인자*, 식물성 캡슐 250정",4.6,3464.0,4.599777006876342
"Core Med 리포솜 비타민C 소프트젤 1000mg/용량 - Quali®-C 비타민C (GMO 무함유) - 미국 제조 - 면역 지원, 콜라겐 부스터 보충제 - GMO 및 콩 무함유",4.6,3277.0,4.599764320623185
"NOW 보충제, 셀레늄(L-셀레노메티오닌) 100mcg, 필수 미네랄*, 100정",4.6,3258.0,4.59976295039425
"Doctor's Recipes 철분 보충제, 비타민 C, B6, 엽산 및 B12가 함유된 철 비글리시네이트, 변비 없음, 위장 친화적, 철분 결핍, 혈액 및 에너지 지원을 위한 부드러운 철분 알약, 비건 캡 60개",4.6,3242.0,4.599761784098527
"NOW 보충제 글루콘산칼륨, 삼키기 쉬움, 필수 미네랄*, 99mg, 250정",4.6,3046.0,4.599746505853537
"Puritan's Pride 베타 카로틴 프로비타민 A 7,500mcg (25,000 IU), 면역 체계를 위한 비타민 보충제, 항산화 및 눈 건강 지원, 100일 분량, 빠른 방출 소프트젤 100개",4.6,2929.0,4.599736414388707
"MASON NATURAL, 비타민 B-1 티아민 정제, 250 Mg, 100개 병, 식이 보충제, 에너지 생산 및 건강한 신진 대사 지원, 지방과 단백질 분해에 도움",4.6,2918.0,4.599735424142217
"Bronson 셀레늄 200mcg 면역 및 항산화 지원 필수 미네랄, 채식주의자 태블릿 250정",4.6,2888.0,4.599732685261702
"BulkSupplements.com 염화칼륨 파우더, 칼륨 보충제, 염화칼륨 보충제, 칼륨 소금, 칼륨 파우더, 1kg(2.2파운드)",4.6,2781.0,4.599722437079331
"Dr. Mercola Zinc Plus 셀레늄 - 미네랄 블렌드 보충제 - 면역, 뇌 및 호흡기 지원 - 아연 글리시네이트 킬레이트 및 구리 함유 - GMO 프리 및 글루텐 프리 - 90캡슐 (90회분)",4.6,2602.0,4.599703415730632
"Dr. Mercola Zinc Plus 셀레늄 - 미네랄 블렌드 보충제 - 면역, 뇌 및 호흡기 지원 - 아연 글리시네이트 킬레이트 및 구리 함유 - GMO 프리 및 글루텐 프리 - 90캡슐 (90회분)",4.6,2602.0,4.599703415730632
NutriZing K2 비타민 보충제 MK-7 - 고강도 600mcg - 뼈 및 동맥 건강 지원 - 비건 캡슐 90개 - 남성 및 여성용 비타민 K2 - 3개월 분량,4.6,2571.0,4.599699853501902
"여성 및 남성용 철분 보충제, 천연 철 킬레이트, 비글리시네이트 25mg + 비타민 C, B6, B12, 엽산 - 철분 결핍 및 에너지 지원을 위한 철약 - 120개",4.6,2320.0,4.5996675201237816
"Double Wood Supplements 포스파티딜콜린 1,200mg, 210 소프트젤, 해바라기와 콩 레시틴의 향상된 버전, 비 GMO, 뇌 건강 지원, 미국에서 제조 및 테스트",4.6,2285.0,4.599662449624581
"Life Extension 메가 벤포티아민, 250mg, 지용성 형태의 티아민, 건강한 신진 대사, 생체 이용 가능 비타민 B1, 고효능, 글루텐 프리, GMO 프리, 채식주의자, 120캡슐",4.6,2270.0,4.599660228898426
"메틸 멀티 철분 없는 메틸화 멀티비타민, 남성 및 여성용, 120일 분량 | MTHFR 지원을 위한 메틸 B12 및 메틸폴레이트(5-MTHF) | 건강을 위한 제약 등급 종합 비타민 및 멀티미네랄, 240캡슐",4.6,2243.0,4.599656157074306
"Bronson Super B 100 비타민 B 복합체 지속 방출, 모든 비타민 B(비타민 B1, B2, B3, B6, B9 - 엽산, B12) 포함, 에너지 신진 대사 및 신경계 건강 지원, GMO 프리, 250정",4.6,2226.0,4.599653542883905
"Doctor's Best NAC 디톡스 레귤레이터, 셀레노 엑셀, GMO 프리, 채식주의자, 글루텐 프리, 콩 프리, 식물성 캡슐 60개",4.6,2185.0,4.599647071475358
"Doctor's Best NAC 디톡스 레귤레이터, 셀레노 엑셀, GMO 프리, 채식주의자, 글루텐 프리, 콩 프리, 식물성 캡슐 60개",4.6,2185.0,4.599647071475358
"NATURELO 비타민 E 180mg(300 IU), 유기농 천연 혼합 토코페롤, 건강한 피부, 머리카락, 손톱, 면역 및 눈 건강을 위한 보충제, GMO 프리, 소이 프리, 비건 캡슐 90개",4.6,2175.0,4.599645456241836
Swanson 항산화 간 지원 및 아미노산 보충제 600mg 100캡슐,4.6,2069.0,4.599627379455705
Puregen Labs 황산철 325mg (원소 철 65mg) 고효능 철분 보충제 | 인공 색소 첨가제 없음 - 미국 제조 200정,4.6,2027.0,4.599619696557885
"EZ Melts 용해성 비타민 B1 25mg, 무설탕, 45일 분량",4.6,2012.0,4.599616875315732
"Puritan's Pride 프리미엄 루티골드 루테인 카로티노이드 6mg, 제아잔틴 함유, 남성 및 여성용, 눈 건강 지원을 위한 식이 보충제, 빠른 방출 소프트젤 200개",4.6,1985.0,4.599611690169629
"닥터의 베스트 20Mg 루테인 에스터 채식 캡슐, 120개입, DRB-00143, 1",4.6,1947.0,4.599604150172923
"바슈롬 오큐바이트 루테인 25mg 루테인 및 제아잔틴 보충제, 소프트젤 30개",4.6,1680.0,4.5995416105848586
"Horbäach 킬레이트 글루콘산 칼륨 보충제 | 595mg | 300정 | 채식주의자, GMO 프리, 글루텐 프리",4.6,1643.0,4.599531350204726
"NOW Foods 보충제, L-라이신(L-라이신 염산염) 파우더, 콜라겐 합성 지원*, 아미노산, 0.5kg(1파운드)",4.6,1620.0,4.599524737354854
"NOW Foods 보충제, L-OptiZinc® 구리 함유 30mg, 생체 이용률이 높은 형태, 면역 지원*, 식물성 캡슐 100개",4.6,1496.0,4.5994856055035935
"Nature's Way Alive! 칼슘 최대 흡수, 뼈 지지*, 식물 공급원 칼슘, 비타민 D3 및 K2, 마그네슘, 120정 (포장은 다를 수 있음)",4.6,1429.0,4.599461655238645
"Solgar L-라이신 1000mg, 100정 - 향상된 흡수 및 흡수 - 피부와 입술의 무결성 촉진 - 콜라겐 지원 - 아미노산 - GMO 프리, 비건, 글루텐 프리 - 100회 분량",4.6,1410.0,4.5994544520340925
"Life Extension 글루타치온, 시스테인 및 C - 간 건강을 지원하는 강력한 항산화 물질, 글루텐 프리, GMO 프리, 100 캡슐",4.6,1404.0,4.599452137120517
"비타민 B 복합체 비타민 B12, B1, B2, B3, B5, B6, B7, B9, 엽산 - 여성, 남성, 성인용 슈퍼 B 복합 비타민 - 채식주의자 캡슐 90개",4.6,1321.0,4.599417972868829
"NOW Foods 보충제, 구연산 칼슘 파우더, 생체 이용률이 높은 칼슘, 뼈 건강 지원*, 226.8g(8온스)",4.6,1264.0,4.599391932408486
"NOW 보충제, 나이아신(비타민 B-3) 250mg, 플러시 프리, 영양 건강, 식물성 캡슐 180정",4.6,1249.0,4.5993846877588656
"Double Wood L-테아닌 보충제 200mg, 120캡슐 (콩 프리, 글루텐 프리, GMO 프리, 타사 테스트 완료) 마그네슘 L-트레오네이트 및 아피게닌과의 시너지 효과",4.6,1239.0,4.599379761319786
Integrative Therapeutics L-테아닌 200mg - Suntheanine 브랜드 L-테아닌 - 편안한 상태 및 건강한 스트레스 반응 유도* - 비건 및 글루텐 프리 - 60캡슐,4.6,1195.0,4.599357113600342
Integrative Therapeutics L-테아닌 200mg - Suntheanine 브랜드 L-테아닌 - 편안한 상태 및 건강한 스트레스 반응 유도* - 비건 및 글루텐 프리 - 60캡슐,4.6,1195.0,4.599357113600342
"EZ Melts 용해성 비타민 A 5,000 IU, 무설탕, 2개월 분량",4.6,1188.0,4.599353357168958
"라이프 익스텐션 Only Trace Minerals - 아연, 크롬, 붕소 등 일일 복용 - GMO 무첨가, 글루텐 프리 - 90 식물성 캡슐",4.6,1160.0,4.599337881955908
"라이프 익스텐션 Only Trace Minerals - 아연, 크롬, 붕소 등 일일 복용 - GMO 무첨가, 글루텐 프리 - 90 식물성 캡슐",4.6,1160.0,4.599337881955908
"Doctor's Best 루테인 루테맥스, GMO 프리, 글루텐 프리, 눈 건강, 20mg, 소프트젤 180개",4.6,1158.0,4.599336748192133
"Life Extension 티아민이 함유된 벤포티아민, 100mg - 포도당 혈당 수치 및 신경 건강 지원을 위한 수용성 및 지용성 비타민 B1 보충제 - 글루텐 프리, GMO 프리, 채식주의자 - 120캡슐",4.6,1062.0,4.599277352507847
"Life Extension L-Lysine, 620 mg, Essential Amino Acid for Healthy nitrogen Balance, Calcium Metabolism, Stress Response & More, Gluten-Free, Non-GMO, Vegetarian, 100 Capsules",4.6,970.0,4.599209512131032
aSquared Nutrition 비타민 C 리포솜 복합체 - 1500mg 보충제 - 180 캡슐 - 높은 흡수 VIT C 아스코르빈산 알약 - 면역 체계 및 콜라겐 건강 지원 - 90회 분량,4.6,957.0,4.599198885096599
"Youtheory B12B6 - 비건 비타민 B6 및 비타민 B12 - 뇌 건강, 에너지 및 면역 지원 제공* - 유제품, 콩 및 글루텐 프리 - 채식주의자 캡슐 60개",4.6,939.0,4.599183690082626
"Life Extension No Flush Niacin, 심장 건강을 위한 B3, 콜레스테롤 및 에너지 지원, GMO 프리, 글루텐 프리, 100캡슐",4.6,868.0,4.599117678688396
Equate 성인 성인 50세 이상 원 데일리 컴플리트 멀티비타민 센트룸 실버 (220 Ct) (2팩),4.6,855.0,4.599104418368106
"면역 및 여드름 지원을 위한 아연 보충제 마이크로비즈렛 | 흡수성이 뛰어난 아연 비글리시네이트 및 오로테이트 2mg 킬레이트 구리 + 비타민 B6 포함 | 비건, 글루텐 프리 | 60캡슐 (2개월 분량)",4.6,853.0,4.599102342860268
"면역 및 여드름 지원을 위한 아연 보충제 마이크로비즈렛 | 흡수성이 뛰어난 아연 비글리시네이트 및 오로테이트 2mg 킬레이트 구리 + 비타민 B6 포함 | 비건, 글루텐 프리 | 60캡슐 (2개월 분량)",4.6,853.0,4.599102342860268
"American Nutriceuticals - 비타민 C 파우더 - 면역 지원을 위한 보충제 - 천연, 무설탕 - 비산성 - 4000mg",4.6,810.0,4.599055270595624
"Life Extension Iron Protein Plus, 철 단백질 숙시닐레이트, 전신 건강을 위한 흡수성 철분 보충제, GMO 프리, 글루텐 프리, 채식주의자, 100캡슐",4.6,778.0,4.599016905949761
"Life Extension L-테아닌, 100mg, 채식주의자 캡슐 60개 — 진정 및 기분 향상 효과 지원, 차에서 추출한 아미노산 - 글루텐 프리, GMO 프리",4.6,689.0,4.59889173374594
"NOW 보충제, L-아르기닌, L-오르니틴, L-라이신이 함유된 트라이아미노, 단백질 대사 지원*, 120캡슐",4.6,687.0,4.598888553641911
"리포-구형 마그네슘 L-트레오네이트 - 30팩 - 패킷 당 1,000mg 마그네슘 - 흡수를 향상시키기 위한 리포솜 캡슐화 - 전문적으로 제조 및 100% non-GMO",4.6,687.0,4.598888553641911
"Life Extension Same 400mg (S-아데노실-메티오닌) - 관절 및 간 지원 보충제 - GMO 프리, 글루텐 프리, 태블릿, 60개",4.6,625.0,4.59878003446994
Country Life - P-5-P (피리독살 인산염) 50mg - 100정,4.6,595.0,4.598719540311425
Country Life - P-5-P (피리독살 인산염) 50mg - 100정,4.6,595.0,4.598719540311425
Country Life - P-5-P (피리독살 인산염) 50mg - 100정,4.6,595.0,4.598719540311425
"Clean L-라이신 600mg, 120캡슐 | 비건, GMO 프리, 글루텐 프리",4.6,546.0,4.598606694043906
"THORNE 테아닌 - L-테아닌 200mg - 건강한 스트레스 반응, 이완 및 집중력 지원 - 뇌 알파파 생성 증가* - 90캡슐",4.6,544.0,4.598601664058505
"Life Extension 강한 뼈를 위한 메가 비타민 K2 고효능 - 건강한 뼈 밀도 지원 및 심장 건강을 위한 데일리 비타민 K2 보충제 - GMO 프리, 글루텐 프리 - 30캡슐",4.6,540.0,4.598591494342567
Life Enhancement 칼륨 보충제 유산소 천연 칼륨 보충제 - 750mg 칼륨 / 1회 제공량당 타우린 500mg - 일일 칼륨 보충제 - 칼륨 캡슐 120개(60회분),4.6,496.0,4.598469015589747
BulkSupplements.com 비타민 B5 파우더 - 판토텐산 500mg - 깨끗한 피부 비타민 - B5 비타민 (250g - 8.8 온스),4.6,491.0,4.598453736304215
"Life Extension 고효능 최적화 엽산 – L-메틸엽산 – 엽산, 8500mcg DFE – 심장 및 뇌 지원, 건강한 호모시스테인 수치 - 글루텐 프리, GMO 프리, 채식주의자 - 30정",4.6,484.0,4.5984318256850445
The Vitamin Shoppe Copper 2MG (구리 글루코네이트) 보충제 - 철분 대사 및 면역 지원을 위한 필수 항산화 물질 - 전반적인 건강을 위한 일일 1회 미네랄 (100캡슐),4.6,429.0,4.598235357376792
"Bluebonnet Nutrition 비타민 B6 베지 캡슐, 200mg, 심혈관 및 신경계를 위한 제품, 콩 무첨가, 글루텐 무첨가, 코셔 제품, 유제품 무첨가, 비건, GMO 미함유, 베지 캡슐 90개, 90회 분량",4.6,417.0,4.598185765546632
"Solaray 망간 보충제, 50mg | 100개",4.6,413.0,4.598168609665277
"BlueBonnet Nutrition 알비온 킬레이트 망간, 아미노산 킬레이트, 콩, 유제품 및 글루텐 프리, GMO 프리, 코셔 인증, 비건, 90개",4.6,396.0,4.598091925833527
Swanson 구리 항산화 면역 시스템 적혈구 지원 미네랄 보충제 (구리 킬레이트) 2mg 300 탭 (2팩),4.6,374.0,4.597982609084407
"Solaray GTF 크롬 200mcg - 균형 잡힌 신진 대사 및 에너지 레벨 지원 - 비건 친화적 크롬 보충제 - 실험실 인증, 60일 - 200회 분량, 식물성 캡슐 200정",4.6,357.0,4.597889160458888
"Seeking Health 리보플라빈, 비타민 B2, 리보플라빈 400mg, 활성 리보플라빈-5-인산 4mg, 에너지 보충제, 채식주의자(60캡슐)*",4.6,352.0,4.597860005216607
"Seeking Health 리보플라빈, 비타민 B2, 리보플라빈 400mg, 활성 리보플라빈-5-인산 4mg, 에너지 보충제, 채식주의자(60캡슐)*",4.6,352.0,4.597860005216607
"Country Life Methyl B12, 에너지 및 체력 지원, 5000mcg, 캔디 60개",4.6,330.0,4.597721534965917
비타민 B6 50 밀리그램 90 캡슐,4.6,321.0,4.5976595827444475
Terry Naturally 아연 플러스 셀레늄 - 면역 및 호흡기 건강 보충제 - 아연 비글리시네이트 킬레이트가 함유된 미네랄 보충제 - 세포 건강 지원을 위한 셀레늄 함유 포뮬러 - 60캡슐,4.6,315.0,4.597616375041268
"Superior Source 크롬 200mcg, 빠른 용해 미세 언어 정제, 100개, 건강한 단백질 및 설탕 신진 대사 촉진, 정상 범위 내에서 이미 건강한 혈당 수치 지원, GMO 프리",4.6,304.0,4.597532872256089
"Superior Source Chromium Picolinate - Supplement Formula Supports Healthy Sugar Metabolism - 500 mcg, 50 Instant Dissolve Tablets",4.6,304.0,4.597532872256089
아연 30 - 향상된 흡수를 위한 효소가 함유된 아연 비타민 - 최고 효능 면역 지원 - 성인용 글리시네이트 킬레이트 아연 보충제 - 아연 비타민 - 코셔 미국 제조 - 100개 캡슐,4.6,301.0,4.59750907359618
"Swanson 비타민 B2 보충제 (리보플라빈) - 시력 건강을 지원하고 갑상선 기능을 돕고 에너지 신진 대사 지원을 촉진하는 비타민 보충제 - (캡슐 100개, 각 100mg)",4.6,293.0,4.597443306562416
BulkSupplements. com 티아민 모노나이트레이트(비타민 B1) 파우더 - 티아민 B1 보충제 - 비타민 및 보충제 - 기억 비타민 (250g - 8.8온스),4.6,274.0,4.597272260170465
비타민 K2 MK4 + MK7 비건 천연 유래,4.6,270.0,4.597233292458614
"Global Healing Center - 비오틴(비타민 B7) 모발 성장을 위한 비오틴, 비타민 보충제, 빛나는 피부 및 강한 손톱 지원, 여성 및 남성용 탈모 비타민, 1000mcg 이상",4.6,253.0,4.597054455849475
"비타민 D3 K2 소프트젤, D3 10000 IU K2(MK-7) 200mcg, 코코넛 오일 소프트젤 포함, 2 in 1 비타민 D 및 K, 칼슘 흡수, 면역 및 심장 건강 지원 - 90개",4.6,226.0,4.596717465628864
"BlueBonnet Nutrition 비타민 B6 식물성 캡슐, 100mg, 심혈관 및 신경계 건강용, 90개",4.6,214.0,4.596541615573268
"Life Extension 마그네슘 글리시네이트, 심장 건강, 뼈 건강, 신경 및 근육 지원, 흡수성이 높음, 글루텐 프리, GMO 프리, 채식주의자, 90캡슐",4.6,212.0,4.596510458956811
"Life Extension 마그네슘 글리시네이트, 심장 건강, 뼈 건강, 신경 및 근육 지원, 흡수성이 높음, 글루텐 프리, GMO 프리, 채식주의자, 90캡슐",4.6,212.0,4.596510458956811
"Bluebonnet Multi Minerals 보충제 플러스 붕소 킬레이트 마그네슘 칼륨 구리 셀레늄 망간 크롬 및 아연 복합체 여성 및 남성용 - 철분 없음, GMO 프리, 글루텐 프리 - 식물성 캡슐 180개",4.6,211.0,4.596494669178334
"NOW Foods 보충제, 콩 프리 포스파티딜 세린 (150mg), 뇌 건강*, 식물성 캡슐 60개",4.6,201.0,4.596328539755507
Swanson 루테인 아이 비전 레티나 황반 건강 보충제 40mg 소프트젤 60정,4.6,180.0,4.595922746781115
"New Chapter 활동적인 몸을 위한 마그네슘-셀레늄-아연 보충제, 근육 지원 미네랄 + 수분 전해질로 운동 후 회복, 일일 태블릿 325mg 마그네슘, 30개입",4.6,179.0,4.595901174012761
"New Chapter 활동적인 몸을 위한 마그네슘-셀레늄-아연 보충제, 근육 지원 미네랄 + 수분 전해질로 운동 후 회복, 일일 태블릿 325mg 마그네슘, 30개입",4.6,179.0,4.595901174012761
"Feosol Bifera HIP & PIC 철분 보충제, 컴플리트 - 30캡슐, 3개 팩",4.6,158.0,4.595388820764357
"BlueBonnet Nutrition 크롬 피콜리네이트, 콩, 글루텐 및 유제품 프리, GMO 프리, 코셔 인증, 비건, 500mcg, 100개",4.6,155.0,4.595304981141891
BLUEBONNET NUTRITION 셀레늄 100 mcg,4.6,128.0,4.594386390495739
NAC 보충제 (N-아세틸 시스테인) - 1000mg 항산화 지원 - 간 건강 및 해독 촉진 - 폐 및 면역 건강 증진 - 식물성 캡슐 - 120개 - 60회 분량,4.6,100.0,4.592957471712836
NOW Foods - Tri-Chromium 500mcg. - 채식주의자 캡슐 180개,4.6,95.0,4.592622113222971
"Doctor's Best QuatreFolic이 함유된 완전 활성 엽산, GMO 프리, 비건, 글루텐 프리, 800mcg, 식물성 캡슐 60개",4.6,88.0,4.592095121310327
"Now Foods L-트립토판 500mg, 식물성 캡슐, 240개",4.6,80.0,4.5913924654268
"비타민 B2 젤리 리보플라빈 400mg 보충제, 어린이 및 성인용 마그네슘 함유, 편두통 완화 및 신경계 지원을 위한 B2 젤리, 비건, 무설탕, 라즈베리 맛, 60개",4.6,56.0,4.588262452854727
Swanson Albion 킬레이트 망간 10 밀리그램 180 캡슐,4.6,55.0,4.588081875206338
Lutein 120 Softgels by The Vitamin Shoppe,4.6,13.0,4.566318342974435
"Integrative Therapeutics Magtein L-Threonate Plus, 인지 지원*, 단기 기억력 지원*, 비타민 C, 비타민 D3, 90캡슐",5.0,1.0,4.565938353492001
Swanson Albion 킬레이트 망간 10 밀리그램 180 캡슐 (2팩),4.6,12.0,4.564787358564182
"Phosphorus Supplements 12 Packets, Dietary Supplements Powder with Sodium Phosphate and Potassium Phosphate, Fruit Flavored Phosphorous Supplement Powder for Electrolyte, Bone Health & Kidney Health",4.5,8.0,4.512517882689556
"Phosphorus Supplements 12 Packets, Dietary Supplements Powder with Sodium Phosphate and Potassium Phosphate, Fruit Flavored Phosphorous Supplement Powder for Electrolyte, Bone Health & Kidney Health",4.5,8.0,4.512517882689556
SuperSmart - L-OptiZinc 하루 30mg (특허 및 높은 생체 이용률) - 아연 메티오닌 보충제 - 천연 달콤한 맛 | GMO 프리 및 글루텐 프리 - 120정,4.5,10.0,4.5112660944206
"마그네슘 트레오네이트 젤리 1000mg, 어린이 및 성인용 마그네슘 L-트레오네이트 보충제, 근육 및 신경계 지원, GMO 프리, 무설탕, 라즈베리 맛, 60개",4.5,29.0,4.505777484318257
"Premier Research Labs 티로신 매트릭스 - L 티로신 보충제, 성인용 L-티로신 944mg 캡슐, 적조류 및 로디올라 비강진이 함유된 아미노산 알약 - 채식주의자 캡슐 90개",4.5,32.0,4.505364806866952
"SOLARAY SharpMind 메모리 포뮬라 - 기억력과 집중력을 위한 뇌 보충제 - 코그니비아, 고투 콜라 및 차가 버섯 보충제 - 은행나무 빌로바 대체품 - 30회 분량, 60 베지캡슐",4.5,37.0,4.504794082732171
"Bluebonnet Nutrition Albion 셀레늄 글리시네이트, 면역 건강*, 갑상선 건강*, 콩 프리, 글루텐 프리, GMO 프리, 코셔 인증, 유제품 프리, 비건, 식물성 캡슐 90개, 90회 분량",4.5,39.0,4.504598405885959
"2 Pack NAC Gummies, N Acetyl Cysteine 600mg NAC Supplement for Antioxidants & Immune Support, Lung & Liver Health, Sugar-Free, Raspberry Flavor, 120 Count",4.5,46.0,4.5040236051502145
"구리 + 프로바이오틱스가 함유된 아연 젤리, 최대 흡수를 위한 비타민 B6, 남성 및 여성용 아연 보충제, 면역 및 장 건강을 위한 두 가지 필수 미네랄 균형 포뮬러, 비건, GMO 프리, 120개입",4.5,48.0,4.5038848601450345
"MASON NATURAL 생선 간 오일에서 추출한 비타민 A 3,000mcg (10,000 IU), 시력 및 면역 건강 지원, 소프트젤 100개, 3팩",4.5,58.0,4.50331355718253
"Taste N' Score 망간 액체 이온 미네랄 보충제, 100% 순도, 6mg, 118회 분량",4.5,73.0,4.502714721547132
"Carlson - Moly-B, 킬레이트 몰리브덴, 신진 대사 지원, 효소 활성화, 채식주의자 태블릿 100정",4.5,80.0,4.502503576537912
Doctor's Advantage Areds 2 아연 프리 멀티비타민 황반 실드 - 황반 변성을 위한 Areds 2 포뮬러 - 루테인 및 제아잔틴 - 종합적인 눈 건강 지원 - 120개,4.5,86.0,4.502347103004292
"Pure Lab Vitamins 구리 글리시네이트 미네랄 보충제 - 1mg - 콜라겐 생산에 필수적인 비건 캡 60개, 면역 체계 및 적혈구 형성 지원 - 글루텐 프리 캐나다산",4.5,88.0,4.50229920294298
"The Vitamin Shoppe NAC N-아세틸-L-시스테인 - 셀룰코르 건강 촉진, 면역 및 항산화 지원 - 600MG (200캡슐)",4.5,89.0,4.502275978670829
"Solaray 셀레늄, 고효능, 건강한 면역 시스템, 갑상선 기능 및 항산화 지원, 식물성 캡슐 100개",4.5,102.0,4.502011802575107
Trace Minerals 이온 망간 - 뼈 강도 및 성장을 지원하는 액체 보충제 - 효소 활성화 및 항산화 기능을 돕는 세포 건강 지원 보충제 - 59.1ml(2온스) (약 48회분),4.5,106.0,4.501942430072518
"ENDUR-ACIN 나이아신 - 비타민 B3 나이아신 500mg 연장 방출 및 로우 플러시, 100정 - 콜레스테롤 균형 및 심장 건강 지원 - Endurance Products",4.5,109.0,4.5018934612471595
"NOW Foods - NOW Foods L-트립토판 1000mg, 정제, 60개 [건강 및 미용] (2팩)",4.5,114.0,4.501817112003322
QNL D3 골드 - 비타민 D 액체 드롭 - 뼈 강도 보충제 - 심혈관 및 면역 지원 제공 - 프리미엄 건강 및 웰빙 제품 - 12.7ml(0.5온스),4.5,145.0,4.501453689602657
"BlueBonnet Full Spectrum 천연 비타민 E 복합체 액체 캡슐, 30개 (743715006003)",4.5,148.0,4.501426087901342
"Doctor's Advantage 황반 방패 눈 비타민 플러스 멀티비타민 - 120캡슐, 30일 분량 - 루테인 및 제아잔틴 보충제, AREDS 2® 비전 성분 및 완벽한 종합 비타민 복합체 포함",4.5,150.0,4.501408261802575
"구연산 칼륨 젤리 1000mg, 성인 여성 및 남성용, 고효능 칼륨 보충제 젤리, 다리 경련 및 근육 건강 지원, 무설탕, 파인애플 맛, 60개",4.5,171.0,4.501244872311668
"Bluebonnet Nutrition L-Trypotophan 500mg, 신경 전달 지원*, 긍정적인 기분 지원*, 콩 프리, 글루텐 프리, GMO 프리, 코셔 인증, 비건, 화이트 식물성 캡슐 60개, 60회 분량",4.5,177.0,4.5012049298845564
"Bluebonnet Nutrition Albion 버퍼드 킬레이트 마그네슘 200mg, 산화마그네슘, 스트레스 완화, 비건, GMO 프리, 글루텐 프리, 콩 프리, 우유 프리, 코셔, 식물성 캡슐 60개, 1개월 분량",4.5,178.0,4.501198520683042
"Lidtke Technologies L-Tryptophan 캡슐, 120개",4.5,227.0,4.500950725267561
"SOLARAY 고급 루테인 눈 24mg - 루테인 및 제아잔틴 보충제 - 블루베리 및 빌베리 추출물로 눈 건강 지원 - 비건, 60일 , 실험실 인증 - 60회분, 식물성 캡슐 60정",4.5,233.0,4.500927250569597
BulkSupplements.com 비타민 A 팔미테이트 파우더 - 비타민 A 레티놀 팔미테이트 - 비타민 A 보충제 - 순수 비타민 - 여드름 비타민 (250g 8.8 온스),4.5,261.0,4.500831446082701
BulkSupplements.com 비타민 A 팔미테이트 파우더 - 순수 비타민 - 비타민 A 레티놀 팔미테이트 - 비타민 A 보충제 - 비타민 A 보충제 - 여드름 비타민 (50g - 1.8 온스),4.5,261.0,4.500831446082701
"Niacin 500mg 연장 시간 방출 정제 최소에서 무플러시, 비타민 B3 보충제 - 콜레스테롤 균형, 니코틴산 - 비건, cGMP, 미국 제조 (1팩)",4.5,303.0,4.500719878237738
"L-티로신 1회 제공량당 1,000mg, 식물성 캡슐 120개(기억력, 주의력 및 집중력을 위한 L 티로신 보충제) 아미노산, 비건 안전, Double Wood GMO 프리",4.5,308.0,4.500708559397522
"L-티로신 1회 제공량당 1,000mg, 식물성 캡슐 120개(기억력, 주의력 및 집중력을 위한 L 티로신 보충제) 아미노산, 비건 안전, Double Wood GMO 프리",4.5,308.0,4.500708559397522
"Bluebonnet 비타민 K1 100mcg 뼈 건강 지원 - 필로퀴논 크리스탈 비타민 K 보충제 - GMO 프리, 코셔 인증, 글루텐 프리, 유제품 프리 - 비건 캡슐 100개",4.5,357.0,4.500613956099215
"Life Extension 판토텐산 500mg - 칼슘 보충제가 함유된 판토텐산 - 최적의 건강을 위한 필수 B 비타민 - 매일 1회 - 글루텐 프리, GMO 프리, 채식주의자 - 100캡슐",4.5,365.0,4.500600858369099
BLUEBONNET NUTRITION 셀레니움 200 mcg,4.5,420.0,4.5005240043916555
"BulkSupplements. com L-트레오닌 파우더 - 트레오닌 보충제, 아미노산 보충제 - 필수 아미노산, 글루텐 프리, 1회 제공량당 500mg, 500g(1.1파운드) (1팩)",4.5,439.0,4.500501830486441
"NAC 보충제 N-아세틸 시스테인 알약 - 750mg N 아세틸 시스테인 순수 비타민 캡슐 - 폐 클렌징 건강, 신장 해독, 뇌 및 호흡기 보충제를 위한 일일 간 지원 포뮬러 - 90캡슐",4.5,455.0,4.500484563200886
"Life Extension 최적화된 트립토판 플러스, 니아신, L-라이신, L-트립토판, 건강한 수면, 기분, 스트레스 반응 및 포만감 지원, 글루텐 프리, GMO 프리, 채식주의자, 90캡슐",4.5,466.0,4.500473365311789
MD Life L 메틸폴레이트 15mg - 전문가 등급 활성 메틸엽산 보충제 - 최대 효능 MTHFR 보충제 - L-메틸폴레이트 15mg 90캡슐 - 필수 아미노산,4.5,504.0,4.5004383694327075
"Doctor's BEST 루테맥스 2020이 함유된 루테인 젤리, 60개, 츄어블 천연 눈 지원 보충제, 마리골드 루테인, 제아잔틴, 눈 건강 및 황반 지원, GMO 프리, 천연 과일 펙틴, 비건",4.5,506.0,4.50043667032638
"Life Extension Branched Chain Amino Acids (BCAAs), leucine, isoleucine, valine, Promotes Muscle Recovery After Exercise, Gluten-Free, Non-GMO, 90 Capsules",4.5,523.0,4.500422742754995
"Suzy Cohen MagFocus 마그네슘 L-트레오네이트 파우더, 마그테인(믹스 베리) 및 기억력, 집중력, 인지력을 위한 마그네슘 글리시네이트 포함 - 글루텐 프리 GMO 채식주의자 (60회분)",4.5,524.0,4.500421951101894
정제 철분 보충제 (325mg 푸마르산 철) (3팩),4.5,609.0,4.500364009512782
"NOW Foods 보충제, 알비온 구리 3mg이 함유된 구리 글리시네이트, 구조 건강 촉진*, 120정, 라이트 그레이, 탠",4.5,615.0,4.500360515021459
"Trace Minerals | 액체 이온 셀레늄 300mcg 식이 보충제 | 항산화제, 면역력, 갑상선 건강 지원 | 비건, 글루텐 프리, GMO 프리 | 59.1ml(2온스) (1팩), 48인분",4.5,644.0,4.500344528881365
Premier Research Labs Liquid Zinc Ultra: 액체 아연 보충제 - 성인 및 아동용 면역 지원 및 웰빙용 - 흡수성이 뛰어난 방울 - 아연 상태의 신속한 분석에 사용 - 236.6ml(8온스),4.5,675.0,4.500328937063375
"NOW 보충제, SAMe (S-Adenosyl-L-메티오닌) 400mg, 신경계 지원*, 60정",4.5,731.0,4.500304078122014
"NOW Foods L-Cysteine 500mg, 100정 (2팩)",4.5,752.0,4.500295698016289
L-타이로신 500mg 120캡슐 (2팩),4.5,768.0,4.500289616823151
"Kind Nature 고칼륨 보충제 젤리 500mg - 성인 및 아동용 츄어블 - 순수 중탄산칼륨 미네랄 보충제 - 비건, 글루텐 프리, GMO 프리 - 젤리 60개(30일분)",4.5,805.0,4.5002764685747385
"BulkSupplements. com N-아세틸 L-티로신 파우더 티로신 보충제, NALT 파우더, 아미노산 보충제 - 무향 및 글루텐 프리, 1회 제공량당 400mg, 250g (8.8온스) (1팩)",4.5,861.0,4.500258693327684
"Bronson 시나몬 플러스 크롬 피콜리네이트 보충제, 고효능 크롬, GMO 프리, 채식주의자 캡슐 60개",4.5,865.0,4.500257510729614
"ENDUR-ACIN 250mg 나이아신 - 최적의 흡수를 위한 확장 방출 및 저속 비타민 B-3, 200정 - GMO 프리, 비건, 글루텐 프리 회사",4.5,869.0,4.500256338894667
"Bluebonnet Nutrition Earth Sweet 비타민 B6, B12, 플러스 엽산 츄어블 태블릿, 비건, 채식주의자, 글루텐 프리, 콩 프리, 우유 프리, 코셔, 츄어블 태블릿 60개, 라즈베리 맛",4.5,1103.0,4.500202445542149
"THORNE 비타민 D 액체 - 비타민 D 보충제 - 건강한 뼈와 근육, 심혈관 건강 및 면역 기능 지원* - 30ml(1액량 온스) - 600회 분량",4.5,1115.0,4.500200286123033
"비타민 B3 나이아신아미드 캡슐 당 500mg, 400캡슐 | 1회 제공량당 1,000mg 플러시 프리 니아신, 필수 B 비타민 보충제 | 스킨 케어 건강 및 에너지 지원 | GMO 프리, 글루텐 프리",4.5,1331.0,4.500168025271001
"Puritan's Pride 비타민 E 184mg (400 IU), 셀레늄 50mcg, 면역 체계 및 항산화 건강 지원을 위한 비타민 보충제, 3개월 분량, 빠른 방출 소프트젤 100개",4.5,1396.0,4.500160257388629
"Doctor's Best MCHCal 함유 칼슘 뼈 메이커 복합체, 뼈 건강, 근육, 골격 및 혈관 건강 지원, 180캡슐",4.5,1585.0,4.500141267641638
Thorne Research - 멀티 비타민 엘리트 - A.M. 및 P.M. 고성능 영양 프로그램을 지원하는 포뮬러 - 180 캡슐,4.5,1854.0,4.500120880841423
"Source Naturals L-트립토판, 500mg 기분, 휴식, 수면 - 120캡슐",4.5,1999.0,4.500112156241121
BulkSupplements.com L-라이신 HCl 파우더 - 라이신 보충제 - 아미노산 라이신 - L 라이신 파우더 - L-라이신 500mg 파우더 - 면역 지원 보충제 (1kg - 2.2파운드),4.5,2002.0,4.500111989010145
BulkSupplements.com L-티로신 파우더 - L-티로신 500mg 보충제 - 집중력 비타민 - L 티로신 - 농축 보충제(500g - 1.1파운드),4.5,2002.0,4.500111989010145
"나우 영양제, L-트립토판 1,000mg, 2배 강한, 긍정적인 기분 촉진*, 휴식 지원*, 60정",4.5,2027.0,4.500110614574576
"Life Extension 하루 1일 멀티비타민 - 25가지 이상의 비타민, 미네랄 및 식물 추출물, 케르세틴, 5-MTHF 엽산 등 포장 - 일일 1개, GMO 프리, 글루텐 프리 - 60정",4.5,2143.0,4.500104654848311
Rugby 니아신 500mg 1000정,4.5,2454.0,4.500091445571596
"Doctor's Best TimeRelease 나이아신 나이액스텐드 GMO 프리 비건 글루텐 프리 500mg 정제, 120정",4.5,2704.0,4.500083022066475
"NOW 보충제, Tri-Chromium™ 500mcg, 시나몬, 인슐린 공동 인자*, 식물성 캡슐 180정",4.5,3050.0,4.500073634604056
"MaryRuth's 비오틴 젤리 | 무설탕 | 비건 | GMO 프리 | 2,500mcg 비오틴 보충제 | 모발 피부 및 손톱 비타민 | 모발 성장 비타민 | 모발 성장 보충제 | 60개",4.5,3114.0,4.500072126084639
BulkSupplements.com L-테아닌 파우더 - 집중력 보조 보충제 - 아미노산 영양 보충제 - 스트레스 보조제 - 남성용 아미노산 보충제 - GABA 보충제 (100g - 3.5 온스),4.5,3222.0,4.500069715930821
BulkSupplements.com L-테아닌 파우더 - 아미노산 영양 보충제 - GABA 보충제 - 집중력 보조 보충제 - L 테아닌 - 스트레스 보충제 (250g - 8.8온스),4.5,3222.0,4.500069715930821
"BulkSupplements. com 구연산 칼륨 파우더 - 구연산 칼륨 보충제, 칼륨 파우더, 칼륨 99mg - 글루텐 프리, 1회 제공량당 300mg, 1kg (2.2파운드) (1팩)",4.5,4717.0,4.500047666995645
"NOW 보충제, L-트립토판 500mg, 긍정적인 기분 촉진*, 긴장 완화 지원*, 식물성 캡슐 120정",4.5,5362.0,4.500041943761804
"Double Wood 포스파티딜세린 보충제 1회 제공량당 300mg, 120캡슐 (포스파티딜 세린 복합체)",4.5,5624.0,4.50003999323543
"NOW 보충제, L-티로신 750mg, 정신 경보 지원*, 신경 전달 물질 지원*, 식물성 캡슐 90개",4.5,6757.0,4.500033297160988
"NOW 보충제, L-티로신 750mg, 정신 경보 지원*, 신경 전달 물질 지원*, 식물성 캡슐 90개",4.5,6757.0,4.500033297160988
"NATURELO 칼슘 보충제 - 뼈 강도를 위한 비타민 C, 비타민 D3, K2 및 칼슘 마그네슘 아연 함유, 칼슘 600mg 함유 - 식물 기반, 채식주의자 캡슐 120개, GMO 프리, 콩 및 글루텐 프리",4.5,10181.0,4.500022109889943
"NutraChamps (2팩) 비오틴 젤리 10,000mcg [고효능] 성인 및 아동용 건강한 모발, 피부 및 손톱용 - 각 젤리 비타민 5000mcg - 비건, GMO 프리, 펙틴 기반 모발 건강 보충제",4.5,15871.0,4.500014188142335
"라이프 익스텐션 뉴로-매그 마그네슘 L-트레오네이트, 90 식물성 캡슐 초흡수성 마그네슘 - 기억력, 집중력, 전반적인 인지 능력 향상 - GMO 없음, 글루텐 프리",4.5,20683.0,4.5000108887975845
"라이프 익스텐션 뉴로-매그 마그네슘 L-트레오네이트, 90 식물성 캡슐 초흡수성 마그네슘 - 기억력, 집중력, 전반적인 인지 능력 향상 - GMO 없음, 글루텐 프리",4.5,20684.0,4.500010888271403
"마그네슘 구연산염 500MG (120ct) 진정, 이완, 변비 및 소화 지원 | 원소 매그 산화물이 함유된 고흡수 마그네슘 보충제 | 글루텐 프리, 콩 프리 | 4개월 분량",4.5,22843.0,4.500009859619674
"Trace Minerals ConcenTrace Trace 미네랄 드롭 - 뼈 및 관절 지원을 위한 액체 보충제 - 수분 공급 및 전해질 복원 보조 - 무향 오리지널, 236.6ml(8온스) (96회분)",4.5,23038.0,4.5000097762013365
"Doctor's Best 고흡수성 마그네슘 글리시네이트 리신네이트, 100% 킬레이트, GMO 프리, 비건, 글루텐 및 소이 프리, 100mg, 240정",4.5,62620.0,4.5000035976670665
"HMB 및 L-류신 젤리, 3000mg HMB 및 루신 아미노산, 근육 성장, 근육량, 근육 완화 및 빠른 운동 회복, 남성 및 여성용, 무설탕, 라즈베리 맛, 60개입",4.4,37.0,4.426070678476852
"Superior Labs — 최고의 비타민 B6 식이 보충제 — 복용량 50mg, 식물성 캡슐 120개 — 면역 체계 건강 지원 — 건강한 뇌 기능 — 심혈관 건강 지원",4.4,47.0,4.421496875235299
"Bariatric Advantage 비타민 A 3,000mcg - 비만 수술 환자용 - 소화가 쉬운 미니 캡슐 - 비타민 A 보충제 - 눈 건강 지원* - 60개",4.4,52.0,4.4197632562647104
"Taste N' Score 크롬 액체 이온 미네랄 보충제, 100% 순도, 500mcg, 118회 분량",4.4,86.0,4.412763769670959
"Metagenics Bone Builder Prime Enhanced Bone Support* | 90회분, 270개(1팩)",4.4,94.0,4.411781941234731
Douglas Laboratories 칼슘 미결정 하이드록시아파타이트 - 치아 및 뼈 건강 지원* - 칼슘 및 인 미량 영양소 포함 - 식이 보충제 - 채식주의자 캡슐 250개,4.4,98.0,4.411345573040852
"Naked Iron 65mg, 325mg 철 비글리시네이트 - 철분 결핍을 위한 고효능 철분 보충제, 세포 에너지 지원, 건강한 적혈구 생산 촉진, GMO 프리, 글루텐 프리, 60캡슐",4.4,99.0,4.41124148521479
"Superior Labs – 순수 천연 L-티로신 NonGMO - 500mg, 식물성 캡슐 120개 - 정신적 명확성 지원 - 경고 촉진 - 에너지 향상 - 진정 및 휴식을 위한 식이 보충제",4.4,102.0,4.410940374003679
BulkSupplements. com L-시스틴 파우더 - 폐 지원 - NAC 보충제 - NAD 보충제 - 피부용 유황 파우더 - NAC 파우더 - NAC 보충제 - 더 나은 폐 (250g - 8.8온스),4.4,102.0,4.410940374003679
"L-메틸엽산 15mg 및 메틸 B12 젤리, 메틸화 B1, B2, B6 멀티비타민 - 활성 5-MTHF 및 높은 흡수 - MTHFR 유전자, 인지, 호모시스테인 수준, 엽산 대사, 비건, 120개입",4.4,119.0,4.409498619290016
Swanson Albion Chelated Copper 2 mg 60 모자,4.4,122.0,4.4092827415788785
"NutraBio N-아세틸 시스테인 보충제(NAC) - 파우더 150g, 600mg 서빙 - 강력한 항산화 - 면역 지원 - 필러 없음 - GMO 프리 - 글루텐 프리",4.4,155.0,4.407426193263103
THORNE 포스파티딜세린 (이전 Iso-Phos) - 코티솔 관리 지원 - 뇌 기능을 지원하는 포스파티딜세린 분리 보충제* - 60캡슐 - 60회 분량,4.4,174.0,4.406659358089196
"Taste N' Score 구리 액체 이온 보충제, 100% 순도, 2mg, 177회 분량",4.4,203.0,4.405752684922122
"Juveriente Bone Strength 복합체/일본 전통 과일의 식이 요법, 비타민 C, D3, K2, 칼슘, 인, 식품 등급 스트론튬 및 붕소 함유 / 30일 동안 90캡슐",4.4,211.0,4.405544442933991
Source Naturals 코엔자임 B-6가 함유된 L-트립토판 500mg - 60정,4.4,213.0,4.405494716988395
"Superior Source 셀레늄 영양 보충제, 200mcg, 60개",4.4,279.0,4.404239868125994
아연 함유 마그네슘 칼륨 보충제 - 90캡슐 - 혈관 건강을 위한 마그네슘 칼륨 아연 - 다리 경련 및 수면 Dr Seinfeld를 위한 고흡수 비건 보충제,4.4,340.0,4.403500919681178
"Freeda 인산칼슘 파우더 - 남성 및 여성용 코셔 칼슘 보충제, 동물 뼈 건강 및 개 및 고양이를 위한 관절 지원 - 칼슘 및 인 보충제 - 비타민 D 미함유 칼슘, 473.2ml(16온스)",4.4,369.0,4.403233039283409
BulkSupplements.com Dicalcium 인산염 파우더 - 칼슘 파우더 - 인 보충제 - 칼슘 보충제 - 인산 칼슘 보충제 - 인산이칼슘 식품 등급 (100g - 3.5온스),4.4,372.0,4.403207648922544
루테인 제아잔틴 120 식물성 캡슐 천연 공급원,4.4,396.0,4.403018034207912
"Nutricost 핑크 히말라야 소금 캡슐 1000mg, 나트륨 390mg, 240캡슐 - GMO 프리, 글루텐 프리",4.4,422.0,4.4028363932602135
"Seeking Health 나이아신, 50mg, 건강한 모발 피부와 손톱을 위한 비타민 B3 보충제, 에너지 지원, GMO 프리, 채식주의자(100캡슐)",4.4,467.0,4.402568808990382
"Doctor's Best L-트립토판, 수면, 건강한 기분 및 행동에 도움, GMO 프리, 비건, 글루텐 및 콩 프리, 식물성 캡, 정상적이고 건강하고 편안한 수면 촉진, 90개입",4.4,472.0,4.402542161594216
THORNE 비타민 K2 액체 (한 방울당 1mg) - 심장 및 뼈 지원을 위한 농축 비타민 K2 보충제 - 29.6ml(1온스),4.4,478.0,4.4025109055090415
"Superior Source Triple K, 3-in-1 포뮬라, MK-4 500mcg, MK-7 50mcg, K1 500mcg, 빠른 용해 미세 Lignual 태블릿, 30개, 건강한 뼈 및 동맥, 면역 및 심혈관 지원, GMO 프리",4.4,506.0,4.402374654822504
"Trace Minerals | 액체 이온 구리 3mg 식이 보충제 | 항산화 효소 | 혈액 건강, 뼈, 신경 및 신진 대사 지원 | 59.1ml(2온스), 48회 분량",4.4,520.0,4.402311928091343
Quicksilver Scientific 리포솜 비타민 C - 1000mg 완충 액체 비타민 C 보충제 - 면역 + 항산화 지원 - 우수한 흡수를 위한 리포솜 - 비건 + GMO 프리 (120ml/4온스),4.4,548.0,4.4021959173627465
"전체 식품 비오틴 보충제 - LifeGarden Naturals의 세바니아 아가티 나무의 인증된 유기농 식물 기반 비오틴 함유. 건강한 모발, 피부 및 손톱 형성에 도움을 줄 수 있습니다. GMO 프리 채소 캡슐 60개.",4.4,557.0,4.402161061531591
"플레인 니아신 - 250mg 즉시 방출되는 니아신 플러시 포함 (비타민 B-3) - 니코틴산 100정 - GMO 프리, 비건, 글루텐 프리 회사",4.4,558.0,4.402157256845796
"Carlson - 나이아신, 50mg, 콜레스테롤 대사 지원, 에너지 생산, 심장 건강, 신경 기능, 300정",4.4,595.0,4.4020253254353925
Supersmart 중탄산칼륨 - 전해질 미네랄 - pH 산-염기 균형 - 칼륨 보충제 | GMO 프리 및 글루텐 프리 - 채식주의자 캡슐 120개,4.4,717.0,4.401685449640182
"Now Foods: L-Tyrosine 신경 전달 물질 지원 750 mg, 90 캡슐 (2팩)",4.4,752.0,4.401608033974294
"Life Extension PQQ가 포함된 미토콘드리아 에너지 옵티마이저 - 심장 및 뇌 건강, 에너지 관리 및 안티에이징 - 글루텐 프리, GMO 프리, 채식주의자 - 120캡슐",4.4,1051.0,4.401154874541389
"Life Extension PQQ가 포함된 미토콘드리아 에너지 옵티마이저 - 심장 및 뇌 건강, 에너지 관리 및 안티에이징 - 글루텐 프리, GMO 프리, 채식주의자 - 120캡슐",4.4,1051.0,4.401154874541389
"BULKSUPPLEMENTS.COM L-트립토판 파우더 - 기분 지원을 위한 아미노산 보충제 - 무향, 글루텐 프리, 필러 없음 - 1회 제공량당 500mg, 1000회 분량 (500g - 1.1파운드)",4.4,1363.0,4.400892441287992
"비건 철 젤리 보충제 - 비타민 C, A, B-복합체, 엽산, 아연 포함, 성인 및 아동용 - 철분 결핍, 빈혈, 애프터 미각을 위한 건강 혈액 및 에너지 지원 - 복숭아 맛 (90개)",4.4,1533.0,4.400794116583548
"BulkSupplements. com 나이아신 파우더 - 비타민 B3 보충제, 나이아신 플러시 - 글루텐 프리, 1회 제공량당 500mg, 250g (8.8온스) (1팩)",4.4,1722.0,4.400707460674603
"Clean Nutra 셀레늄 300mcg 요오드 500mcg 여성 및 남성용 갑상선 지원 | L 티로신 500mg Ashwagandha 보충제 블래더랙, 강황, 다시마, 오미자 아연 알약 캡슐 보충제",4.4,1984.0,4.400614504457579
"Clean Nutra 셀레늄 300mcg 요오드 500mcg 여성 및 남성용 갑상선 지원 | L 티로신 500mg Ashwagandha 보충제 블래더랙, 강황, 다시마, 오미자 아연 알약 캡슐 보충제",4.4,1984.0,4.400614504457579
"NOW 보충제, L-페닐알라닌 500 mg, 신경계 지원*, 아미노산, 식물성 캡슐 120개",4.4,2157.0,4.400565446187547
"Lunakai Extra Strength 3000mcg 비타민 B12 젤리 - 미국에서 제작, 맛있는 일일 에너지 및 신진 대사 지원 - 비건 B12 메틸코발라민 보충제 60개입",4.4,2732.0,4.400446871585855
"건강한 체중 관리를 위한 크롬 피콜리네이트 1000mcg (높은 흡수 및 생체 이용률) (비건 안전 캡슐 300개, GMO 프리, 글루텐 프리) Double Wood Supplements",4.4,2951.0,4.400413820293283
"Ultra Strength HMB 보충제 1회 제공량당 3,000mg, 240캡슐 | 타사 테스트 | 근육 성장, 유지 및 마른 근육량 지원 | 빠른 운동 회복",4.4,3250.0,4.400375865609942
"NOW Sports Nutrition, L-류신 파우더, 린 조직 만들기*, 아미노산, 255g(9온스)",4.4,4965.0,4.4002462958569675
"두 배 강하고 & 가장 바이오액티브한 활성 엽산. 최고 의약품 등급의 메틸코발아민(B12), 니아신, B1, B2 및 B6로 유일 무의한 방법으로 제작되었습니다. 최대 결과를 위한 시너지 효과 - 3개월 분량",4.4,5225.0,4.400234063397979
MaryRuth의 액체 멀티비타민 + 모발 성장 | 비오틴 10000mcg | Lustriva 모발 성장 보충제 | 두꺼운 모발 및 얼굴 주름을 위한 여성용 임상 테스트 | 스킨 케어 | 만 18세 이상 | 400ml(15.22온스),4.4,8858.0,4.400138173419983
MaryRuth의 액체 멀티비타민 + 모발 성장 | 비오틴 10000mcg | Lustriva 모발 성장 보충제 | 두꺼운 모발 및 얼굴 주름을 위한 여성용 임상 테스트 | 스킨 케어 | 만 18세 이상 | 400ml(15.22온스),4.4,8860.0,4.40013814226476
"여성용 멀티비타민 - 데일리 여성용 멀티비타민 & 비타민 A, C, D, E, B12, 아연, 철분이 함유된 멀티미네랄. 에너지, 집중력, 모발 성장 및 전반적인 건강을 위한 여성을 위한 필수 비타민. 액체 캡 60개",4.4,44794.0,4.40002734849318
"Phosphorus Supplements 100패킷, 인산나트륨과 인산칼륨이 함유된 식이 보충제 파우더, 전해질, 뼈 건강 및 신장 건강을 위한 과일 맛 인 보충제 파우더",4.3,15.0,4.38901287553648
Swanson Albion 킬레이트 몰리브덴 400mcg 60 식물성 캡슐,4.3,22.0,4.369541309012876
Swanson ULT L-METHIONINE AJI 500MG 60 Veg CP,4.3,23.0,4.367433996618546
"Nutricology 액체 몰리브덴, 액체, 28.3g(1온스)",4.3,32.0,4.352983854486
"Pure Original Ingredients L-Leucine (0.5kg(1파운드) 파우더, 필수 아미노산 보충제, 실험실 인증",4.3,33.0,4.351751671823535
Lavi MD 칼륨 마그네슘 아연 칼슘 보충제 - 뼈 및 근육 건강을 위한 프리미엄 지원 - 최적의 칼슘 흡수 촉진 - 마그네슘 칼륨 아연 아스파르테이트 - 120캡슐,4.3,37.0,4.347347274221532
"산호 칼슘 파우더, 해양 등급, 천연 2:1 칼슘 대 마그네슘 비율 (500mg, 60회분)",4.3,47.0,4.339040734884421
Copper 1MG 120 Tablets - Nutritional Supplement - Vegans & Vegetarians - Healthy Lifestyle - Copper Supplement - Copper Gluconate Supplement -,4.2,14.0,4.334388412017168
Swanson 구리 항산화 면역 시스템 적혈구 지원 미네랄 보충제 (구리 킬레이트) 2mg 300 탭 (3팩),4.3,77.0,4.325578412510483
"Allergy Research Group 나이아신 보충제 - 남성 및 여성용 비타민 B3, 플러시 함유 니아신, 니코틴산, NAD, 250mg 채식주의자 캡슐 - 90개",4.3,79.0,4.3250036167237305
"NOW 보충제, L-트립토판 파우더, 프리폼, 휴식 지원*, 아미노산, 56.7g(2온스)",4.3,81.0,4.324454086685846
"Supersmart - SAM-e 400mg (80% 활성 이성질체 S, S) - 고급 S-아데노실 메티오닌 SAM-e 보충제 | GMO 프리 및 글루텐 프리 - 장용 코팅 태블릿 60정",4.1,9.0,4.322385362548
"Bluebonnet Nutrition L-시스테인 500mg, 프리폼 아미노산, 건강한 피부, 모발 및 손톱 촉진, 콩 프리, 글루텐 프리, GMO 프리, 코셔 인증, 비건, 화이트, 식물성 캡슐 60개",4.3,90.0,4.3222532188841205
"BulkSupplements. com 망간 글루코네이트 파우더 - 망간 보충제, 필수 미량 미네랄 - 높은 흡수 및 글루텐 프리, 1회 제공량당 225mg, 250g (8.8온스) (1팩)",4.3,93.0,4.321605066877787
"Lidtke Technologies L-트립토판 컴플리트 캡슐, 120개",4.3,121.0,4.316987189987877
"셀레늄 및 몰리브덴이 함유된 프로토콜 NAC - 글루타티온, 뇌 및 폐 - 식물성 캡슐 100개",4.3,132.0,4.31567128090431
"BulkSupplements. com 포스파티딜세린 파우더 - 포스파티딜세린 보충제, 콩에서 공급 - 1회 제공량당 300mg (포스파티딜세린 60mg), 25g (0.88온스) (1팩)",4.3,159.0,4.313167585138532
Pure TheraPro Rx 리포솜 간 해독 + 120 내산성 VCaps | 메틸화 영양소 보조 인자를 함유한 콩 프리 리포솜 형식 | 간 해독 및 클렌징 지원 | 비건,4.3,174.0,4.312094140697891
Designs for Health 비타민 B6 액체 - 50mg B6 마그네슘 킬레이트 + 아연 보충제 - 쉽게 흡수 + 훌륭한 맛의 라즈베리 맛 (24회 분량 / 4액량 온스),4.3,336.0,4.306431566151479
BulkSupplements.com 비타민 B6 (피리독신 HCl) 파우더 - 강아지 비타민 - 남성을 위한 메모리 비타민 - 신경 건강 지원 - B6 비타민 (250g - 8.8온스),4.3,384.0,4.305648025097492
"New Roots | L-트립토판 보충제 (90캡슐) 220mg, 건강한 수면, 기분 및 스트레스 반응 지원 - 글루텐 프리, GMO 프리, 채식주의자",4.3,414.0,4.305248400680217
"NOW Foods 보충제, SAMe (S-아데노실-L-메티오닌) 200mg, 신경계 지원*, 식물성 캡슐 60개",4.3,657.0,4.30333631467528
"BulkSupplements.com DL-페닐알라닌 파우더, 기분 향상 보충제, 성인용 뇌 비타민, DLPA 보충제, 기억력 및 집중력을 위한 뇌 보충제, 250g(8.8온스)",4.3,667.0,4.303287033808585
"B3 플레인 니아신 - 500mg 즉시 방출되는 비타민 B-3 플러시 포함 - 니코틴산 100정 - GMO 프리, 비건, 글루텐 프리",4.3,858.0,4.302563734894483
"Life Extension D L-페닐알라닌 500mg - 기분 향상, 영양 기억력, 집중력 및 인지 능력 지원 - GMO 프리, 글루텐 프리 - 채식주의자 캡슐 100개",4.3,1189.0,4.301855981558308
"BulkSupplements. com L-루신 파우더 - 루신 보충제, 루신 아미노산 - BCAA 보충제, 루신 파우더 - 무향 및 글루텐 프리, 1회 제공량당 5000mg, 500g(1.1파운드)",4.3,1765.0,4.301253702472344
"BulkSupplements. com L-루신 파우더 - 루신 보충제, 루신 아미노산 - BCAA 보충제, 루신 파우더 - 무향 및 글루텐 프리, 1회 제공량당 5000mg, 500g(1.1파운드)",4.3,1765.0,4.301253702472344
BulkSupplements. com NAC (N-아세틸 L-시스테인) 파우더 - 폐 지지 보충제 - 항산화 파우더 - 아미노산 보충제 (100 그램),4.3,1882.0,4.301176174359626
"Ultimate Multivitamin 멀티미네랄 및 슈퍼푸드, 과일 및 채소 42개 블렌드, 60개",4.3,2161.0,4.301025021597611
"JOYLI L 티로신 젤리 - 완전 천연 L-티로신 1000mg 젤리 - 우울증과 불안 해소에 도움 - 미국 제조 - 기분 전환, 인지 및 집중력 강화 영양제 - 에너지 젤리 60개",4.3,2350.0,4.300942933003564
"부신 시스템 지원 및 코티솔 매니저(2개월 분량) 강력한 Ashwagandha 및 L-티로신 피로 보충제 - 균형 잡힌 코티솔 수치, 건강 및 스트레스 완화 유지 - GMO 프리 - 60캡슐",4.3,3991.0,4.300556191424247
"NOW 보충제, 니아신(비타민 B-3) 500mg, 지속 방출, 영양 건강, 250정",4.3,4520.0,4.30049124103497
"THORNE Basic Nutrients 2/Day - 최적의 생체 이용률을 갖춘 종합 데일리 멀티비타민 - 비타민 및 미네랄 포뮬러 - 글루텐, 유제품 및 콩 프리 - 60캡슐 - 30회 분량",4.3,5683.0,4.300390887385985
"Bluebonnet Nutrition DLPA (DL-페닐알라닌) 500mg, 프리 폼 아미노산, 신경계 지원, 콩 프리, 글루텐 프리, GMO 프리, 코셔, 비건, 식물성 캡슐 60개",4.2,26.0,4.289592274678111
"Isagenix Hair Revival - 천연 모발 성장 및 농축 보충제 - 건강한 두피 지원 - 비오틴, 아미노산, 바나나 꽃 추출물 등 함유 포뮬러 - 120정 (60회분)",4.2,40.0,4.26450643776824
"Super B-100 복합체 – B12, B1, B2, B3, B5, B6, B7, B9, 엽산을 포함한 모든 비타민 B - 콜린, 이노시톨 및 PABA가 함유된 고효능 B-비타민 - 에너지 및 신진 대사 지원 - 100정",4.0,10.0,4.2612660944206
페닐에틸아민(완두콩) 캡슐 - 인지 기능 지원 및 기분 향상 - 120개,4.2,114.0,4.226010660390419
퓨어 L-트레오닌 500mg 100캡슐,3.8,7.0,4.225018934612471
"DIUCAPS PRO 90 캡슐 - 비타민 및 아미노산. C, B5, B6, L 페닐알라닌. Legere Pharmaceuticals에서 제조 ES Global Brands.",4.0,14.0,4.2177217453505005
"NOW Foods 보충제, L-메티오닌 500mg, 비타민 B-6 함유, 해독 지원*, 아미노산, 100캡슐",4.2,173.0,4.2176247097727435
"BulkSupplements. com NAC 파우더 - N-아세틸 시스테인 600mg, NAC 보충제 - 항산화 지원, 글루텐 프리 - 1회 제공량당 600mg, 833회 분량, 500g 0.5kg(1파운드) (1팩)",4.2,211.0,4.2145942166896475
BulkSupplements. com L-페닐알라닌 파우더 - 기억력과 집중력을 위한 뇌 보충제 - 아미노산 보충제 - DLPA 보충제 - 아미노산 영양 보충제 (250g - 8.8온스),4.2,300.0,4.210404264156168
단식 전해질 보충제 파우더 | 무설탕 무향 생 전해질 | 미량 미네랄 함유 100% RDA 마그네슘 및 칼륨 | 육식 동물 및 케토 친화적 | 무설탕 단식 소금,4.2,835.0,4.20381694898037
"THORNE - 마그네슘 비글리시네이트 - 파우더 마그네슘 포뮬러 - 편안한 수면, 근육 이완, 심장 건강 및 신진 대사 지원* - NSF 스포츠 인증 - 60회 분량 - 184.3g(6.5온스) 병",4.2,1817.0,4.201765365018288
BodyBio 장 건강 보충제 100 캡슐 - 부티레이트 + 나트륨 | 궁극의 포스트바이오틱 | 팽창 없음 | 가스 없음 | 훌륭한 똥 | 건강한 소화 지원 | 새는 장 회복 | 첨가제 없음,4.2,2559.0,4.201255477574314
Swanson 아미노산 Ajipure L-류신 제약 등급 500 밀리그램 60 식물성 캡슐,4.0,21.0,4.168558770593936
"SOLARAY BriteSide - 90 채식주의자 캡슐 - 세인트 존스 워트, DL-페닐알라닌(DLPA), L-도파, GABA 및 리튬 함유",4.1,73.0,4.150907492631469
"21st Century 루테인 10mg 정제, 60개",4.1,100.0,4.138412017167381
Swanson 아미노산 100% 순수 L-메티오닌 필수 아미노산 지원 간 기능 500 밀리그램 30 캡슐,4.0,33.0,4.121519113684
"Lidtke Technologies Endorphigen 캡슐, 120개",4.1,204.0,4.119744494805664
"순수 크롬 폴리니코틴산 보충제 - 미국 제조 - 최적의 흡수를 위한 200mcg + 비타민 B3, 채소 캡, 14주 분량",4.1,257.0,4.11582517561203
"Natural Stacks 도파민 포커스 보충제 및 뇌용 기억 보충제 L-티로신 포함 - 정신력, 선명도 및 집중력 촉진 - 천연 도파민 보충제 및 기분 지원 보충제(60개입)",4.1,4617.0,4.100913188218805
"Natural Stacks 도파민 포커스 보충제 및 뇌용 기억 보충제 L-티로신 포함 - 정신력, 선명도 및 집중력 촉진 - 천연 도파민 보충제 및 기분 지원 보충제(60개입)",4.1,4617.0,4.100913188218805
"Natural Stacks 도파민 포커스 보충제 및 뇌용 기억 보충제 L-티로신 포함 - 정신력, 선명도 및 집중력 촉진 - 천연 도파민 보충제 및 기분 지원 보충제(60개입)",4.1,4617.0,4.100913188218805
"BulkSupplements. com 크롬 피콜리네이트 200mcg 파우더 - 미네랄 보충제 - 글루텐 및 효모 프리, 1회 제공량당 크롬 200mcg, 250g (8.8온스) (1팩)",4.0,46.0,4.093309319435929
Health Thru Nutrition Riboflavin 100mg 비타민 B2 식물성 캡슐 100개 | 건강한 에너지 대사 기능 및 신경계 지원 | 타사 테스트 | GMO 프리 콩 및 글루텐 프리 저자극성,4.0,46.0,4.093309319435929
"BulkSupplements. com L-시스테인 HCl 파우더 - L-시스테인 보충제, L-시스테인 500mg, 시스테인 아미노산 보충제 - 글루텐 프리, 1회 제공량당 500mg, 250g (8.8온스) (1팩)",4.0,178.0,4.027794265363894
"ATP LAB Pure EAA 파우더, 300g - 라즈베리 맛 - 완벽한 11 EAA 블렌드 - L-라이신 및 L-메티오닌 보충제 - 활동적인 생활 및 운동 후 지원을 위한 전해질이 포함된 필수 아미노산",4.0,220.0,4.022718790819183
Amazing Formulas 킬레이트 마그네슘 보충제 | 250mg | 180정 | GMO 프리 | 글루텐 프리 | 미국 제조,3.9,70.0,3.97781652360515
Pure Naturals L-트립토판 보충제 | 1회 제공량당 1000mg | 120정 | GMO 프리 | 글루텐 프리 | 미국 제조,3.9,73.0,3.9750038781736388
"Pure Original Ingredients DL-페닐알라닌 파우더 (226.8g(8온스) Always Pure, 필러 또는 첨가제 없음",3.9,86.0,3.9648471030042916
BulkSupplements.com 리보플라빈 (비타민 B2) 파우더 - 에너지 비타민 - 비타민 B - 에너지를 위한 비타민 - 남성을 위한 B 비타민 - 천연 두통 완화 - B 비타민 보충제 (100g - 3.5 온스),3.9,136.0,3.94263919101652
"aSquared Nutrition SAM-e 400mg 보충제 - 90 캡슐 - 기분, 관절 건강 및 뇌 기능을 지원하는 동일(S-아데노실 메티오닌) - 초강력 비건 SAM e 알약",3.9,577.0,3.910605318378896
"Country Life 비타민 D 및 엘더베리 함유 츄어블 L-라이신 보충제, 피부 조직을 위한 면역 지원 및 콜라겐 재생, 성인에게 이상적",3.9,1192.0,3.9051791363464328
"Bluebonnet Nutrition DLPA (DL-페닐알라닌) 500mg, 프리폼 아미노산, 신경계 지원, 콩 및 글루텐 프리, GMO 프리, 코셔, 비건, 30회분, 화이트, 30개입",3.5,16.0,3.89328161109277
"Life Extension Neuro-Mag 마그네슘 L-트레오네이트 파우더(트로피컬 펀치) - 뛰어난 흡수성 - 기억력, 집중력, 인지 기능 및 기분 지원 - 글루텐 프리, GMO 프리, 채식주의자(30회분)",3.8,1401.0,3.8051207100555717
"Superior Source 비타민 B1 (티아민), 100mg, 혀 밑 빠른 용해 미세 언어 정제, 100개, 신진 대사 및 에너지 생산 증가, 신경계 지원, GMO 프리",3.8,1910.0,3.8037631884835474
"OLLY Combat Cravings, 신진 대사 및 에너지 지원 보충제, 1000mcg 크롬, 녹차, 구기 베리, 생강 - 30개입",3.7,6793.0,3.701209072745614
"BulkSupplements. com Same Powder - S-Adenosyl-L-메티오닌, SAM-e 보충제 - 관절 건강용, 글루텐 프리 - 1회 제공량당 SAM-e 400mg, 25g(0.88온스) (1팩)",2.0,13.0,3.096753125583131
Swanson Albion 킬레이트 망간 글리시네이트 40 밀리그램 180 캡슐,,,
"Life Extension Only Trace Minerals, a Daily dose of zinc, Chromium, Boron, Copper, Manganese, Vanadyl sulfate, Gluten-Free, Non-GMO, Vegetarian, 90 Capsules",,1160.0,
"Seeking Health 호모시스테인 영양소, 이전 호모시스테X 플러스, 호모시스테인 레벨 및 메틸화 지원, 비타민 B12, 엽산(L- 메틸폴레이트), MTHFR 유전자 지원 (60캡슐)",,,
"Seeking Health Hydroxo B12, 2000mcg 메틸 프리 B12 비타민 캔디, 메틸화 및 호모시스테인 수치 지원, 비건 및 채식주의자(캔디 60개)",,,
